2018-02-16 00:00:00,9883.0,btc,usd
2018-02-17 00:00:00,10084.0,btc,usd
2018-02-18 00:00:00,10845.0,btc,usd
2018-02-19 00:00:00,10772.0,btc,usd
2018-02-20 00:00:00,11079.0,btc,usd
2018-02-21 00:00:00,11712.0,btc,usd
2018-02-22 00:00:00,10291.0,btc,usd
2018-02-23 00:00:00,9912.0,btc,usd
2018-02-24 00:00:00,9916.0,btc,usd
2018-02-25 00:00:00,9499.0,btc,usd
2018-02-26 00:00:00,9588.0,btc,usd
2018-02-27 00:00:00,10366.0,btc,usd
2018-02-28 00:00:00,10745.0,btc,usd
2018-03-01 00:00:00,10532.0,btc,usd
2018-03-02 00:00:00,10931.0,btc,usd
2018-03-03 00:00:00,11016.0,btc,usd
2018-03-04 00:00:00,11286.0,btc,usd
2018-03-05 00:00:00,11400.0,btc,usd
2018-03-06 00:00:00,11560.0,btc,usd
2018-03-07 00:00:00,10788.0,btc,usd
2018-03-08 00:00:00,9943.0,btc,usd
2018-03-09 00:00:00,9341.0,btc,usd
2018-03-10 00:00:00,9022.0,btc,usd
2018-03-11 00:00:00,8838.0,btc,usd
2018-03-12 00:00:00,9531.0,btc,usd
2018-03-13 00:00:00,9104.0,btc,usd
2018-03-14 00:00:00,9101.0,btc,usd
2018-03-15 00:00:00,8019.0,btc,usd
2018-03-16 00:00:00,8303.0,btc,usd
2018-03-17 00:00:00,8502.0,btc,usd
2018-03-18 00:00:00,7950.0,btc,usd
2018-03-19 00:00:00,8271.0,btc,usd
2018-03-20 00:00:00,8381.0,btc,usd
2018-03-21 00:00:00,8994.0,btc,usd
2018-03-22 00:00:00,8920.0,btc,usd
2018-03-23 00:00:00,8613.0,btc,usd
2018-03-24 00:00:00,8655.0,btc,usd
2018-03-25 00:00:00,8679.0,btc,usd
2018-03-26 00:00:00,8622.0,btc,usd
2018-03-27 00:00:00,7885.0,btc,usd
2018-03-28 00:00:00,7998.0,btc,usd
2018-03-29 00:00:00,7871.0,btc,usd
2018-03-30 00:00:00,7069.0,btc,usd
2018-03-31 00:00:00,6912.0,btc,usd
2018-04-01 00:00:00,6926.0,btc,usd
2018-04-02 00:00:00,6892.0,btc,usd
2018-04-03 00:00:00,6979.0,btc,usd
2018-04-04 00:00:00,7405.0,btc,usd
2018-04-05 00:00:00,6847.0,btc,usd
2018-04-06 00:00:00,6749.0,btc,usd
2018-04-07 00:00:00,6603.0,btc,usd
2018-04-08 00:00:00,7002.0,btc,usd
2018-04-09 00:00:00,6953.0,btc,usd
2018-04-10 00:00:00,6665.0,btc,usd
2018-04-11 00:00:00,6840.0,btc,usd
2018-04-12 00:00:00,6890.0,btc,usd
2018-04-13 00:00:00,7730.0,btc,usd
2018-04-14 00:00:00,7902.0,btc,usd
2018-04-15 00:00:00,8072.0,btc,usd
2018-04-16 00:00:00,8287.0,btc,usd
2018-04-17 00:00:00,7990.0,btc,usd
2018-04-18 00:00:00,7915.0,btc,usd
2018-04-19 00:00:00,8188.0,btc,usd
2018-04-20 00:00:00,8234.0,btc,usd
2018-04-21 00:00:00,8522.0,btc,usd
2018-04-22 00:00:00,8773.0,btc,usd
2018-04-23 00:00:00,8894.0,btc,usd
2018-04-24 00:00:00,8932.0,btc,usd
2018-04-25 00:00:00,9451.0,btc,usd
2018-04-26 00:00:00,9074.0,btc,usd
2018-04-27 00:00:00,9108.0,btc,usd
2018-04-28 00:00:00,8976.0,btc,usd
2018-04-29 00:00:00,9365.0,btc,usd
2018-04-30 00:00:00,9293.0,btc,usd
2018-05-01 00:00:00,9275.0,btc,usd
2018-05-02 00:00:00,9013.0,btc,usd
2018-05-03 00:00:00,9181.0,btc,usd
2018-05-04 00:00:00,9656.0,btc,usd
2018-05-05 00:00:00,9689.0,btc,usd
2018-05-06 00:00:00,9743.0,btc,usd
2018-05-07 00:00:00,9518.0,btc,usd
2018-05-08 00:00:00,9434.0,btc,usd
2018-05-09 00:00:00,9158.0,btc,usd
2018-05-10 00:00:00,9252.0,btc,usd
2018-05-11 00:00:00,9094.0,btc,usd
2018-05-12 00:00:00,8436.0,btc,usd
2018-05-13 00:00:00,8436.0,btc,usd
2018-05-14 00:00:00,8715.0,btc,usd
2018-05-15 00:00:00,8816.0,btc,usd
2018-05-16 00:00:00,8524.0,btc,usd
2018-05-17 00:00:00,8294.0,btc,usd
2018-05-18 00:00:00,8206.0,btc,usd
2018-05-19 00:00:00,8227.0,btc,usd
2018-05-20 00:00:00,8266.0,btc,usd
2018-05-21 00:00:00,8554.0,btc,usd
2018-05-22 00:00:00,8409.0,btc,usd
2018-05-23 00:00:00,8106.0,btc,usd
2018-05-24 00:00:00,7588.0,btc,usd
2018-05-25 00:00:00,7549.0,btc,usd
2018-05-26 00:00:00,7448.0,btc,usd
2018-05-27 00:00:00,7526.0,btc,usd
2018-05-28 00:00:00,7313.0,btc,usd
2018-05-29 00:00:00,7218.0,btc,usd
2018-05-30 00:00:00,7499.0,btc,usd
2018-05-31 00:00:00,7338.0,btc,usd
2018-06-01 00:00:00,7539.0,btc,usd
2018-06-02 00:00:00,7438.0,btc,usd
2018-06-03 00:00:00,7616.0,btc,usd
2018-06-04 00:00:00,7727.0,btc,usd
2018-06-05 00:00:00,7524.0,btc,usd
2018-06-06 00:00:00,7627.0,btc,usd
2018-06-07 00:00:00,7622.0,btc,usd
2018-06-08 00:00:00,7660.0,btc,usd
2018-06-09 00:00:00,7646.0,btc,usd
2018-06-10 00:00:00,7631.0,btc,usd
2018-06-11 00:00:00,6719.0,btc,usd
2018-06-12 00:00:00,6762.0,btc,usd
2018-06-13 00:00:00,6529.0,btc,usd
2018-06-14 00:00:00,6259.0,btc,usd
2018-06-15 00:00:00,6656.0,btc,usd
2018-06-16 00:00:00,6498.0,btc,usd
2018-06-17 00:00:00,6525.0,btc,usd
2018-06-18 00:00:00,6490.0,btc,usd
2018-06-19 00:00:00,6727.0,btc,usd
2018-06-20 00:00:00,6696.0,btc,usd
2018-06-21 00:00:00,6750.0,btc,usd
2018-06-22 00:00:00,6718.0,btc,usd
2018-06-23 00:00:00,6073.0,btc,usd
2018-06-24 00:00:00,6135.0,btc,usd
2018-06-25 00:00:00,6188.0,btc,usd
2018-06-26 00:00:00,6250.0,btc,usd
2018-06-27 00:00:00,6183.0,btc,usd
2018-06-28 00:00:00,6127.0,btc,usd
2018-06-29 00:00:00,6043.0,btc,usd
2018-06-30 00:00:00,5897.0,btc,usd
2018-07-01 00:00:00,6350.0,btc,usd
2018-07-02 00:00:00,6359.0,btc,usd
2018-07-03 00:00:00,6620.0,btc,usd
2018-07-04 00:00:00,6607.0,btc,usd
2018-07-05 00:00:00,6687.0,btc,usd
2018-07-06 00:00:00,6508.0,btc,usd
2018-07-07 00:00:00,6569.0,btc,usd
2018-07-08 00:00:00,6527.0,btc,usd
2018-07-09 00:00:00,6747.0,btc,usd
2018-07-10 00:00:00,6697.0,btc,usd
2018-07-11 00:00:00,6388.0,btc,usd
2018-07-12 00:00:00,6356.0,btc,usd
2018-07-13 00:00:00,6173.0,btc,usd
2018-07-14 00:00:00,6186.0,btc,usd
2018-07-15 00:00:00,6273.0,btc,usd
2018-07-16 00:00:00,6374.0,btc,usd
2018-07-17 00:00:00,6663.0,btc,usd
2018-07-18 00:00:00,7311.0,btc,usd
2018-07-19 00:00:00,7336.0,btc,usd
2018-07-20 00:00:00,7421.0,btc,usd
2018-07-21 00:00:00,7351.0,btc,usd
2018-07-22 00:00:00,7416.0,btc,usd
2018-07-23 00:00:00,7520.0,btc,usd
2018-07-24 00:00:00,7703.0,btc,usd
2018-07-25 00:00:00,8227.0,btc,usd
2018-07-26 00:00:00,8181.0,btc,usd
2018-07-27 00:00:00,8138.0,btc,usd
2018-07-28 00:00:00,8228.0,btc,usd
2018-07-29 00:00:00,8169.0,btc,usd
2018-07-30 00:00:00,8192.0,btc,usd
2018-07-31 00:00:00,8152.0,btc,usd
2018-08-01 00:00:00,7693.0,btc,usd
2018-08-02 00:00:00,7483.0,btc,usd
2018-08-03 00:00:00,7556.0,btc,usd
2018-08-04 00:00:00,7389.0,btc,usd
2018-08-05 00:00:00,6982.0,btc,usd
2018-08-06 00:00:00,7049.0,btc,usd
2018-08-07 00:00:00,6920.0,btc,usd
2018-08-08 00:00:00,6874.0,btc,usd
2018-08-09 00:00:00,6316.0,btc,usd
2018-08-10 00:00:00,6508.0,btc,usd
2018-08-11 00:00:00,6191.0,btc,usd
2018-08-12 00:00:00,6418.0,btc,usd
2018-08-13 00:00:00,6339.0,btc,usd
2018-08-14 00:00:00,6277.0,btc,usd
2018-08-15 00:00:00,6081.0,btc,usd
2018-08-16 00:00:00,6377.0,btc,usd
2018-08-17 00:00:00,6256.0,btc,usd
2018-08-18 00:00:00,6476.0,btc,usd
2018-08-19 00:00:00,6359.0,btc,usd
2018-08-20 00:00:00,6519.0,btc,usd
2018-08-21 00:00:00,6454.0,btc,usd
2018-08-22 00:00:00,6452.0,btc,usd
2018-08-23 00:00:00,6334.0,btc,usd
2018-08-24 00:00:00,6419.0,btc,usd
2018-08-25 00:00:00,6612.0,btc,usd
2018-08-26 00:00:00,6719.0,btc,usd
2018-08-27 00:00:00,6678.0,btc,usd
2018-08-28 00:00:00,6721.0,btc,usd
2018-08-29 00:00:00,7082.0,btc,usd
2018-08-30 00:00:00,7039.0,btc,usd
2018-08-31 00:00:00,6913.0,btc,usd
2018-09-01 00:00:00,7043.0,btc,usd
2018-09-02 00:00:00,7195.0,btc,usd
2018-09-03 00:00:00,7282.0,btc,usd
2018-09-04 00:00:00,7299.0,btc,usd
2018-09-05 00:00:00,7363.0,btc,usd
2018-09-06 00:00:00,6952.0,btc,usd
2018-09-07 00:00:00,6444.0,btc,usd
2018-09-08 00:00:00,6447.0,btc,usd
2018-09-09 00:00:00,6173.0,btc,usd
2018-09-10 00:00:00,6387.0,btc,usd
2018-09-11 00:00:00,6302.0,btc,usd
2018-09-12 00:00:00,6253.0,btc,usd
2018-09-13 00:00:00,6308.0,btc,usd
2018-09-14 00:00:00,6467.0,btc,usd
2018-09-15 00:00:00,6537.0,btc,usd
2018-09-16 00:00:00,6532.0,btc,usd
2018-09-17 00:00:00,6501.0,btc,usd
2018-09-18 00:00:00,6219.0,btc,usd
2018-09-19 00:00:00,6318.0,btc,usd
2018-09-20 00:00:00,6425.0,btc,usd
2018-09-21 00:00:00,6378.0,btc,usd
2018-09-22 00:00:00,6717.0,btc,usd
2018-09-23 00:00:00,6717.0,btc,usd
2018-09-24 00:00:00,6677.0,btc,usd
2018-09-25 00:00:00,6625.0,btc,usd
2018-09-26 00:00:00,6387.0,btc,usd
2018-09-27 00:00:00,6501.0,btc,usd
2018-09-28 00:00:00,6696.0,btc,usd
2018-09-29 00:00:00,6646.0,btc,usd
2018-09-30 00:00:00,6581.0,btc,usd
2018-10-01 00:00:00,6564.0,btc,usd
2018-10-02 00:00:00,6556.0,btc,usd
2018-10-03 00:00:00,6532.0,btc,usd
2018-10-04 00:00:00,6448.0,btc,usd
2018-10-05 00:00:00,6556.0,btc,usd
2018-10-06 00:00:00,6551.0,btc,usd
2018-10-07 00:00:00,6563.0,btc,usd
2018-10-08 00:00:00,6543.0,btc,usd
2018-10-09 00:00:00,6640.0,btc,usd
2018-10-10 00:00:00,6596.0,btc,usd
2018-10-11 00:00:00,6559.0,btc,usd
2018-10-12 00:00:00,6228.0,btc,usd
2018-10-13 00:00:00,6241.0,btc,usd
2018-10-14 00:00:00,6221.0,btc,usd
2018-10-15 00:00:00,6251.0,btc,usd
2018-10-16 00:00:00,6469.0,btc,usd
2018-10-17 00:00:00,6521.0,btc,usd
2018-10-18 00:00:00,6509.0,btc,usd
2018-10-19 00:00:00,6446.0,btc,usd
2018-10-20 00:00:00,6417.0,btc,usd
2018-10-21 00:00:00,6448.0,btc,usd
2018-10-22 00:00:00,6483.0,btc,usd
2018-10-23 00:00:00,6454.0,btc,usd
2018-10-24 00:00:00,6434.0,btc,usd
2018-10-25 00:00:00,6462.0,btc,usd
2018-10-26 00:00:00,6436.0,btc,usd
2018-10-27 00:00:00,6437.0,btc,usd
2018-10-28 00:00:00,6425.0,btc,usd
2018-10-29 00:00:00,6414.0,btc,usd
2018-10-30 00:00:00,6265.0,btc,usd
2018-10-31 00:00:00,6282.0,btc,usd
2018-11-01 00:00:00,6319.0,btc,usd
2018-11-02 00:00:00,6351.0,btc,usd
2018-11-03 00:00:00,6371.0,btc,usd
2018-11-04 00:00:00,6351.0,btc,usd
2018-11-05 00:00:00,6431.0,btc,usd
2018-11-06 00:00:00,6417.0,btc,usd
2018-11-07 00:00:00,6438.0,btc,usd
2018-11-08 00:00:00,6520.0,btc,usd
2018-11-09 00:00:00,6440.0,btc,usd
2018-11-10 00:00:00,6350.0,btc,usd
2018-11-11 00:00:00,6385.0,btc,usd
2018-11-12 00:00:00,6339.0,btc,usd
2018-11-13 00:00:00,6339.0,btc,usd
2018-11-14 00:00:00,6330.0,btc,usd
2018-11-15 00:00:00,5630.0,btc,usd
2018-11-16 00:00:00,5513.0,btc,usd
2018-11-17 00:00:00,5484.0,btc,usd
2018-11-18 00:00:00,5517.0,btc,usd
2018-11-19 00:00:00,5571.0,btc,usd
2018-11-20 00:00:00,4820.0,btc,usd
2018-11-21 00:00:00,4385.0,btc,usd
2018-11-22 00:00:00,4483.0,btc,usd
2018-11-23 00:00:00,4457.0,btc,usd
2018-11-24 00:00:00,4292.0,btc,usd
2018-11-25 00:00:00,3832.0,btc,usd
2018-11-26 00:00:00,4080.0,btc,usd
2018-11-27 00:00:00,3694.0,btc,usd
2018-11-28 00:00:00,3797.0,btc,usd
2018-11-29 00:00:00,4252.0,btc,usd
2018-11-30 00:00:00,4207.0,btc,usd
2018-12-01 00:00:00,3942.0,btc,usd
2018-12-02 00:00:00,4196.0,btc,usd
2018-12-03 00:00:00,4174.0,btc,usd
2018-12-04 00:00:00,3892.0,btc,usd
2018-12-05 00:00:00,3923.0,btc,usd
2018-12-06 00:00:00,3748.0,btc,usd
2018-12-07 00:00:00,3628.0,btc,usd
2018-12-08 00:00:00,3415.0,btc,usd
2018-12-09 00:00:00,3304.0,btc,usd
2018-12-10 00:00:00,3567.0,btc,usd
2018-12-11 00:00:00,3441.0,btc,usd
2018-12-12 00:00:00,3402.0,btc,usd
2018-12-13 00:00:00,3476.0,btc,usd
2018-12-14 00:00:00,3285.0,btc,usd
2018-12-15 00:00:00,3188.0,btc,usd
2018-12-16 00:00:00,3236.0,btc,usd
2018-12-17 00:00:00,3240.0,btc,usd
2018-12-18 00:00:00,3536.0,btc,usd
2018-12-19 00:00:00,3575.0,btc,usd
2018-12-20 00:00:00,3704.0,btc,usd
2018-12-21 00:00:00,4036.0,btc,usd
2018-12-22 00:00:00,3893.0,btc,usd
2018-12-23 00:00:00,3932.0,btc,usd
2018-12-24 00:00:00,3993.0,btc,usd
2018-12-25 00:00:00,4100.0,btc,usd
2018-12-26 00:00:00,3827.0,btc,usd
2018-12-27 00:00:00,3812.0,btc,usd
2018-12-28 00:00:00,3626.0,btc,usd
2018-12-29 00:00:00,3938.0,btc,usd
2018-12-30 00:00:00,3963.0,btc,usd
2018-12-31 00:00:00,3859.0,btc,usd
2019-01-01 00:00:00,3722.0,btc,usd
2019-01-02 00:00:00,3767.0,btc,usd
2019-01-03 00:00:00,3937.0,btc,usd
2019-01-04 00:00:00,3840.0,btc,usd
2019-01-05 00:00:00,3878.0,btc,usd
2019-01-06 00:00:00,3880.0,btc,usd
2019-01-07 00:00:00,4072.0,btc,usd
2019-01-08 00:00:00,4041.0,btc,usd
2019-01-09 00:00:00,4034.0,btc,usd
2019-01-10 00:00:00,4029.0,btc,usd
2019-01-11 00:00:00,3665.0,btc,usd
2019-01-12 00:00:00,3674.0,btc,usd
2019-01-13 00:00:00,3656.0,btc,usd
2019-01-14 00:00:00,3545.0,btc,usd
2019-01-15 00:00:00,3693.0,btc,usd
2019-01-16 00:00:00,3593.0,btc,usd
2019-01-17 00:00:00,3623.0,btc,usd
2019-01-18 00:00:00,3650.0,btc,usd
2019-01-19 00:00:00,3634.0,btc,usd
2019-01-20 00:00:00,3728.0,btc,usd
2019-01-21 00:00:00,3555.0,btc,usd
2019-01-22 00:00:00,3537.0,btc,usd
2019-01-23 00:00:00,3594.0,btc,usd
2019-01-24 00:00:00,3565.0,btc,usd
2019-01-25 00:00:00,3596.0,btc,usd
2019-01-26 00:00:00,3580.0,btc,usd
2019-01-27 00:00:00,3583.0,btc,usd
2019-01-28 00:00:00,3563.0,btc,usd
2019-01-29 00:00:00,3442.0,btc,usd
2019-01-30 00:00:00,3428.0,btc,usd
2019-01-31 00:00:00,3463.0,btc,usd
2019-02-01 00:00:00,3445.0,btc,usd
2019-02-02 00:00:00,3481.0,btc,usd
2019-02-03 00:00:00,3462.0,btc,usd
2019-02-04 00:00:00,3422.0,btc,usd
2019-02-05 00:00:00,3445.0,btc,usd
2019-02-06 00:00:00,3450.0,btc,usd
2019-02-07 00:00:00,3394.0,btc,usd
2019-02-08 00:00:00,3384.0,btc,usd
2019-02-09 00:00:00,3628.0,btc,usd
2019-02-10 00:00:00,3653.0,btc,usd
2019-02-11 00:00:00,3635.0,btc,usd
2019-02-12 00:00:00,3623.0,btc,usd
2019-02-13 00:00:00,3612.0,btc,usd
2019-02-14 00:00:00,3601.0,btc,usd
2019-02-15 00:00:00,3604.0,btc,usd
2019-02-16 00:00:00,3599.0,btc,usd
2019-02-17 00:00:00,3631.0,btc,usd
2019-02-18 00:00:00,3623.0,btc,usd
2019-02-19 00:00:00,3889.0,btc,usd
2019-02-20 00:00:00,3920.0,btc,usd
2019-02-21 00:00:00,3951.0,btc,usd
2019-02-22 00:00:00,3935.0,btc,usd
2019-02-23 00:00:00,3979.0,btc,usd
2019-02-24 00:00:00,4142.0,btc,usd
2019-02-25 00:00:00,3819.0,btc,usd
2019-02-26 00:00:00,3844.0,btc,usd
2019-02-27 00:00:00,3825.0,btc,usd
2019-02-28 00:00:00,3781.0,btc,usd
2019-03-01 00:00:00,3836.0,btc,usd
2019-03-02 00:00:00,3866.0,btc,usd
2019-03-03 00:00:00,3843.0,btc,usd
2019-03-04 00:00:00,3824.0,btc,usd
2019-03-05 00:00:00,3733.0,btc,usd
2019-03-06 00:00:00,3868.0,btc,usd
2019-03-07 00:00:00,3879.0,btc,usd
2019-03-08 00:00:00,3907.0,btc,usd
2019-03-09 00:00:00,3903.0,btc,usd
2019-03-10 00:00:00,3925.0,btc,usd
2019-03-11 00:00:00,3931.0,btc,usd
2019-03-12 00:00:00,3879.0,btc,usd
2019-03-13 00:00:00,3898.0,btc,usd
2019-03-14 00:00:00,3885.0,btc,usd
2019-03-15 00:00:00,3884.0,btc,usd
2019-03-16 00:00:00,3933.0,btc,usd
2019-03-17 00:00:00,4013.0,btc,usd
2019-03-18 00:00:00,4010.0,btc,usd
2019-03-19 00:00:00,4006.0,btc,usd
2019-03-20 00:00:00,4027.0,btc,usd
2019-03-21 00:00:00,4044.0,btc,usd
2019-03-22 00:00:00,3997.0,btc,usd
2019-03-23 00:00:00,4000.0,btc,usd
2019-03-24 00:00:00,3997.0,btc,usd
2019-03-25 00:00:00,3981.0,btc,usd
2019-03-26 00:00:00,3910.0,btc,usd
2019-03-27 00:00:00,3936.0,btc,usd
2019-03-28 00:00:00,4033.0,btc,usd
2019-03-29 00:00:00,4037.0,btc,usd
2019-03-30 00:00:00,4103.0,btc,usd
2019-03-31 00:00:00,4105.0,btc,usd
2019-04-01 00:00:00,4119.0,btc,usd
2019-04-02 00:00:00,4148.0,btc,usd
2019-04-03 00:00:00,4816.0,btc,usd
2019-04-04 00:00:00,5290.0,btc,usd
2019-04-05 00:00:00,4863.0,btc,usd
2019-04-06 00:00:00,5020.0,btc,usd
2019-04-07 00:00:00,5092.0,btc,usd
2019-04-08 00:00:00,5163.0,btc,usd
2019-04-09 00:00:00,5267.0,btc,usd
2019-04-10 00:00:00,5232.0,btc,usd
2019-04-11 00:00:00,5306.0,btc,usd
2019-04-12 00:00:00,5059.0,btc,usd
2019-04-13 00:00:00,5053.0,btc,usd
2019-04-14 00:00:00,5094.0,btc,usd
2019-04-15 00:00:00,5102.0,btc,usd
2019-04-16 00:00:00,5031.0,btc,usd
2019-04-17 00:00:00,5197.0,btc,usd
2019-04-18 00:00:00,5234.0,btc,usd
2019-04-19 00:00:00,5314.0,btc,usd
2019-04-20 00:00:00,5276.0,btc,usd
2019-04-21 00:00:00,5326.0,btc,usd
2019-04-22 00:00:00,5253.0,btc,usd
2019-04-23 00:00:00,5381.0,btc,usd
2019-04-24 00:00:00,5587.0,btc,usd
2019-04-25 00:00:00,5449.0,btc,usd
2019-04-26 00:00:00,5508.0,btc,usd
2019-04-27 00:00:00,5189.0,btc,usd
2019-04-28 00:00:00,5281.0,btc,usd
2019-04-29 00:00:00,5237.0,btc,usd
2019-04-30 00:00:00,5240.0,btc,usd
2019-05-01 00:00:00,5351.0,btc,usd
2019-05-02 00:00:00,5409.0,btc,usd
2019-05-03 00:00:00,5520.0,btc,usd
2019-05-04 00:00:00,5810.0,btc,usd
2019-05-05 00:00:00,5798.0,btc,usd
2019-05-06 00:00:00,5860.0,btc,usd
2019-05-07 00:00:00,5809.0,btc,usd
2019-05-08 00:00:00,5959.0,btc,usd
2019-05-09 00:00:00,5989.0,btc,usd
2019-05-10 00:00:00,6132.0,btc,usd
2019-05-11 00:00:00,6132.0,btc,usd
2019-05-12 00:00:00,7185.0,btc,usd
2019-05-13 00:00:00,7162.0,btc,usd
2019-05-14 00:00:00,7844.0,btc,usd
2019-05-15 00:00:00,7722.0,btc,usd
2019-05-16 00:00:00,8152.0,btc,usd
2019-05-17 00:00:00,7749.0,btc,usd
2019-05-18 00:00:00,7129.0,btc,usd
2019-05-19 00:00:00,7294.0,btc,usd
2019-05-20 00:00:00,8025.0,btc,usd
2019-05-21 00:00:00,7984.0,btc,usd
2019-05-22 00:00:00,8076.0,btc,usd
2019-05-23 00:00:00,7834.0,btc,usd
2019-05-24 00:00:00,7869.0,btc,usd
2019-05-25 00:00:00,8110.0,btc,usd
2019-05-26 00:00:00,8035.0,btc,usd
2019-05-27 00:00:00,8622.0,btc,usd
2019-05-28 00:00:00,8756.0,btc,usd
2019-05-29 00:00:00,8701.0,btc,usd
2019-05-30 00:00:00,8655.0,btc,usd
2019-05-31 00:00:00,8455.0,btc,usd
2019-06-01 00:00:00,8501.0,btc,usd
2019-06-02 00:00:00,8542.0,btc,usd
2019-06-03 00:00:00,8687.0,btc,usd
2019-06-04 00:00:00,8549.0,btc,usd
2019-06-05 00:00:00,7663.0,btc,usd
2019-06-06 00:00:00,7747.0,btc,usd
2019-06-07 00:00:00,7692.0,btc,usd
2019-06-08 00:00:00,7897.0,btc,usd
2019-06-09 00:00:00,7875.0,btc,usd
2019-06-10 00:00:00,7721.0,btc,usd
2019-06-11 00:00:00,7945.0,btc,usd
2019-06-12 00:00:00,7924.0,btc,usd
2019-06-13 00:00:00,8119.0,btc,usd
2019-06-14 00:00:00,8263.0,btc,usd
2019-06-15 00:00:00,8449.0,btc,usd
2019-06-16 00:00:00,8800.0,btc,usd
2019-06-17 00:00:00,8944.0,btc,usd
2019-06-18 00:00:00,9283.0,btc,usd
2019-06-19 00:00:00,9132.0,btc,usd
2019-06-20 00:00:00,9174.0,btc,usd
2019-06-21 00:00:00,9566.0,btc,usd
2019-06-22 00:00:00,9938.0,btc,usd
2019-06-23 00:00:00,10642.0,btc,usd
2019-06-24 00:00:00,11063.0,btc,usd
2019-06-25 00:00:00,10878.0,btc,usd
2019-06-26 00:00:00,11380.0,btc,usd
2019-06-27 00:00:00,12740.0,btc,usd
2019-06-28 00:00:00,10680.0,btc,usd
2019-06-29 00:00:00,12205.0,btc,usd
2019-06-30 00:00:00,12162.0,btc,usd
2019-07-01 00:00:00,11413.0,btc,usd
2019-07-02 00:00:00,10479.0,btc,usd
2019-07-03 00:00:00,10730.0,btc,usd
2019-07-04 00:00:00,11380.0,btc,usd
2019-07-05 00:00:00,11722.0,btc,usd
2019-07-06 00:00:00,11046.0,btc,usd
2019-07-07 00:00:00,11472.0,btc,usd
2019-07-08 00:00:00,11513.0,btc,usd
2019-07-09 00:00:00,12212.0,btc,usd
2019-07-10 00:00:00,12388.0,btc,usd
2019-07-11 00:00:00,11777.0,btc,usd
2019-07-12 00:00:00,11162.0,btc,usd
2019-07-13 00:00:00,11901.0,btc,usd
2019-07-14 00:00:00,10908.0,btc,usd
2019-07-15 00:00:00,10639.0,btc,usd
2019-07-16 00:00:00,10805.0,btc,usd
2019-07-17 00:00:00,9591.0,btc,usd
2019-07-18 00:00:00,9692.0,btc,usd
2019-07-19 00:00:00,10613.0,btc,usd
2019-07-20 00:00:00,10519.0,btc,usd
2019-07-21 00:00:00,10933.0,btc,usd
2019-07-22 00:00:00,10504.0,btc,usd
2019-07-23 00:00:00,10323.0,btc,usd
2019-07-24 00:00:00,10145.0,btc,usd
2019-07-25 00:00:00,9676.0,btc,usd
2019-07-26 00:00:00,9875.0,btc,usd
2019-07-27 00:00:00,9832.0,btc,usd
2019-07-28 00:00:00,9444.0,btc,usd
2019-07-29 00:00:00,9512.0,btc,usd
2019-07-30 00:00:00,9516.0,btc,usd
2019-07-31 00:00:00,9533.0,btc,usd
2019-08-01 00:00:00,10029.0,btc,usd
2019-08-02 00:00:00,10414.0,btc,usd
2019-08-03 00:00:00,10403.0,btc,usd
2019-08-04 00:00:00,10888.0,btc,usd
2019-08-05 00:00:00,10943.0,btc,usd
2019-08-06 00:00:00,11725.0,btc,usd
2019-08-07 00:00:00,11650.0,btc,usd
2019-08-08 00:00:00,11868.0,btc,usd
2019-08-09 00:00:00,11616.0,btc,usd
2019-08-10 00:00:00,11878.0,btc,usd
2019-08-11 00:00:00,11321.0,btc,usd
2019-08-12 00:00:00,11418.0,btc,usd
2019-08-13 00:00:00,11428.0,btc,usd
2019-08-14 00:00:00,10889.0,btc,usd
2019-08-15 00:00:00,10177.0,btc,usd
2019-08-16 00:00:00,10380.0,btc,usd
2019-08-17 00:00:00,10398.0,btc,usd
2019-08-18 00:00:00,10080.0,btc,usd
2019-08-19 00:00:00,10370.0,btc,usd
2019-08-20 00:00:00,10685.0,btc,usd
2019-08-21 00:00:00,10707.0,btc,usd
2019-08-22 00:00:00,10156.0,btc,usd
2019-08-23 00:00:00,10186.0,btc,usd
2019-08-24 00:00:00,10365.0,btc,usd
2019-08-25 00:00:00,10105.0,btc,usd
2019-08-26 00:00:00,10001.0,btc,usd
2019-08-27 00:00:00,10270.0,btc,usd
2019-08-28 00:00:00,10144.0,btc,usd
2019-08-29 00:00:00,9672.0,btc,usd
2019-08-30 00:00:00,9530.0,btc,usd
2019-08-31 00:00:00,9635.0,btc,usd
2019-09-01 00:00:00,9505.0,btc,usd
2019-09-02 00:00:00,9644.0,btc,usd
2019-09-03 00:00:00,10407.0,btc,usd
2019-09-04 00:00:00,10714.0,btc,usd
2019-09-05 00:00:00,10629.0,btc,usd
2019-09-06 00:00:00,10520.0,btc,usd
2019-09-07 00:00:00,10358.0,btc,usd
2019-09-08 00:00:00,10522.0,btc,usd
2019-09-09 00:00:00,10370.0,btc,usd
2019-09-10 00:00:00,10239.0,btc,usd
2019-09-11 00:00:00,10059.0,btc,usd
2019-09-12 00:00:00,10108.0,btc,usd
2019-09-13 00:00:00,10337.0,btc,usd
2019-09-14 00:00:00,10268.0,btc,usd
2019-09-15 00:00:00,10425.0,btc,usd
2019-09-16 00:00:00,10284.0,btc,usd
2019-09-17 00:00:00,10223.0,btc,usd
2019-09-18 00:00:00,10260.0,btc,usd
2019-09-19 00:00:00,10202.0,btc,usd
2019-09-20 00:00:00,10267.0,btc,usd
2019-09-21 00:00:00,10145.0,btc,usd
2019-09-22 00:00:00,9972.0,btc,usd
2019-09-23 00:00:00,10016.0,btc,usd
2019-09-24 00:00:00,9791.0,btc,usd
2019-09-25 00:00:00,8589.0,btc,usd
2019-09-26 00:00:00,8524.0,btc,usd
2019-09-27 00:00:00,8104.0,btc,usd
2019-09-28 00:00:00,8074.0,btc,usd
2019-09-29 00:00:00,8182.0,btc,usd
2019-09-30 00:00:00,8022.0,btc,usd
2019-10-01 00:00:00,8246.0,btc,usd
2019-10-02 00:00:00,8382.0,btc,usd
2019-10-03 00:00:00,8245.0,btc,usd
2019-10-04 00:00:00,8157.0,btc,usd
2019-10-05 00:00:00,8177.0,btc,usd
2019-10-06 00:00:00,8110.0,btc,usd
2019-10-07 00:00:00,7911.0,btc,usd
2019-10-08 00:00:00,8224.0,btc,usd
2019-10-09 00:00:00,8137.0,btc,usd
2019-10-10 00:00:00,8599.0,btc,usd
2019-10-11 00:00:00,8583.0,btc,usd
2019-10-12 00:00:00,8346.0,btc,usd
2019-10-13 00:00:00,8352.0,btc,usd
2019-10-14 00:00:00,8265.0,btc,usd
2019-10-15 00:00:00,8349.0,btc,usd
2019-10-16 00:00:00,8157.0,btc,usd
2019-10-17 00:00:00,7995.0,btc,usd
2019-10-18 00:00:00,8054.0,btc,usd
2019-10-19 00:00:00,7955.0,btc,usd
2019-10-20 00:00:00,7960.0,btc,usd
2019-10-21 00:00:00,8238.0,btc,usd
2019-10-22 00:00:00,8211.0,btc,usd
2019-10-23 00:00:00,8137.0,btc,usd
2019-10-24 00:00:00,7496.0,btc,usd
2019-10-25 00:00:00,7464.0,btc,usd
2019-10-26 00:00:00,8578.0,btc,usd
2019-10-27 00:00:00,9132.0,btc,usd
2019-10-28 00:00:00,9611.0,btc,usd
2019-10-29 00:00:00,9461.0,btc,usd
2019-10-30 00:00:00,9453.0,btc,usd
2019-10-31 00:00:00,9192.0,btc,usd
2019-11-01 00:00:00,9180.0,btc,usd
2019-11-02 00:00:00,9223.0,btc,usd
2019-11-03 00:00:00,9322.0,btc,usd
2019-11-04 00:00:00,9161.0,btc,usd
2019-11-05 00:00:00,9447.0,btc,usd
2019-11-06 00:00:00,9360.0,btc,usd
2019-11-07 00:00:00,9318.0,btc,usd
2019-11-08 00:00:00,9211.0,btc,usd
2019-11-09 00:00:00,8867.0,btc,usd
2019-11-10 00:00:00,8805.0,btc,usd
2019-11-11 00:00:00,9052.0,btc,usd
2019-11-12 00:00:00,8744.0,btc,usd
2019-11-13 00:00:00,8772.0,btc,usd
2019-11-14 00:00:00,8768.0,btc,usd
2019-11-15 00:00:00,8660.0,btc,usd
2019-11-16 00:00:00,8461.0,btc,usd
2019-11-17 00:00:00,8494.0,btc,usd
2019-11-18 00:00:00,8565.0,btc,usd
2019-11-19 00:00:00,8231.0,btc,usd
2019-11-20 00:00:00,8124.0,btc,usd
2019-11-21 00:00:00,8102.0,btc,usd
2019-11-22 00:00:00,7617.0,btc,usd
2019-11-23 00:00:00,7345.0,btc,usd
2019-11-24 00:00:00,7295.0,btc,usd
2019-11-25 00:00:00,7066.0,btc,usd
2019-11-26 00:00:00,7236.0,btc,usd
2019-11-27 00:00:00,7124.0,btc,usd
2019-11-28 00:00:00,7558.0,btc,usd
2019-11-29 00:00:00,7578.0,btc,usd
2019-11-30 00:00:00,7721.0,btc,usd
2019-12-01 00:00:00,7560.0,btc,usd
2019-12-02 00:00:00,7393.0,btc,usd
2019-12-03 00:00:00,7331.0,btc,usd
2019-12-04 00:00:00,7342.0,btc,usd
2019-12-05 00:00:00,7194.0,btc,usd
2019-12-06 00:00:00,7390.0,btc,usd
2019-12-07 00:00:00,7484.0,btc,usd
2019-12-08 00:00:00,7510.0,btc,usd
2019-12-09 00:00:00,7564.0,btc,usd
2019-12-10 00:00:00,7371.0,btc,usd
2019-12-11 00:00:00,7234.0,btc,usd
2019-12-12 00:00:00,7204.0,btc,usd
2019-12-13 00:00:00,7212.0,btc,usd
2019-12-14 00:00:00,7252.0,btc,usd
2019-12-15 00:00:00,7092.0,btc,usd
2019-12-16 00:00:00,7133.0,btc,usd
2019-12-17 00:00:00,6892.0,btc,usd
2019-12-18 00:00:00,6633.0,btc,usd
2019-12-19 00:00:00,7144.0,btc,usd
2019-12-20 00:00:00,7169.0,btc,usd
2019-12-21 00:00:00,7209.0,btc,usd
2019-12-22 00:00:00,7145.0,btc,usd
2019-12-23 00:00:00,7420.0,btc,usd
2019-12-24 00:00:00,7328.0,btc,usd
2019-12-25 00:00:00,7255.0,btc,usd
2019-12-26 00:00:00,7218.0,btc,usd
2019-12-27 00:00:00,7208.0,btc,usd
2019-12-28 00:00:00,7235.0,btc,usd
2019-12-29 00:00:00,7334.0,btc,usd
2019-12-30 00:00:00,7402.0,btc,usd
2019-12-31 00:00:00,7254.0,btc,usd
2020-01-01 00:00:00,7171.0,btc,usd
2020-01-02 00:00:00,7229.0,btc,usd
2020-01-03 00:00:00,6975.0,btc,usd
2020-01-04 00:00:00,7281.0,btc,usd
2020-01-05 00:00:00,7349.0,btc,usd
2020-01-06 00:00:00,7370.0,btc,usd
2020-01-07 00:00:00,7579.0,btc,usd
2020-01-08 00:00:00,8020.0,btc,usd
2020-01-09 00:00:00,8004.0,btc,usd
2020-01-10 00:00:00,7787.0,btc,usd
2020-01-11 00:00:00,8054.0,btc,usd
2020-01-12 00:00:00,8102.0,btc,usd
2020-01-13 00:00:00,8100.0,btc,usd
2020-01-14 00:00:00,8133.0,btc,usd
2020-01-15 00:00:00,8732.0,btc,usd
2020-01-16 00:00:00,8816.0,btc,usd
2020-01-17 00:00:00,8682.0,btc,usd
2020-01-18 00:00:00,8898.0,btc,usd
2020-01-19 00:00:00,8910.0,btc,usd
2020-01-20 00:00:00,8718.0,btc,usd
2020-01-21 00:00:00,8667.0,btc,usd
2020-01-22 00:00:00,8723.0,btc,usd
2020-01-23 00:00:00,8641.0,btc,usd
2020-01-24 00:00:00,8391.0,btc,usd
2020-01-25 00:00:00,8501.0,btc,usd
2020-01-26 00:00:00,8377.0,btc,usd
2020-01-27 00:00:00,8591.0,btc,usd
2020-01-28 00:00:00,8954.0,btc,usd
2020-01-29 00:00:00,9051.0,btc,usd
2020-01-30 00:00:00,9362.0,btc,usd
2020-01-31 00:00:00,9549.0,btc,usd
2020-02-01 00:00:00,9362.0,btc,usd
2020-02-02 00:00:00,9371.0,btc,usd
2020-02-03 00:00:00,9450.0,btc,usd
2020-02-04 00:00:00,9281.0,btc,usd
2020-02-05 00:00:00,9150.0,btc,usd
2020-02-06 00:00:00,9693.0,btc,usd
2020-02-07 00:00:00,9732.0,btc,usd
2020-02-08 00:00:00,9740.0,btc,usd
2020-02-09 00:00:00,9924.0,btc,usd
2020-02-10 00:00:00,10073.0,btc,usd
2020-02-11 00:00:00,9865.0,btc,usd
2020-02-12 00:00:00,10225.0,btc,usd
2020-02-13 00:00:00,10385.0,btc,usd
2020-02-14 00:00:00,10180.0,btc,usd
2020-02-15 00:00:00,10339.0,btc,usd
2020-02-16 00:00:00,9921.0,btc,usd
2020-02-17 00:00:00,9776.0,btc,usd
2020-02-18 00:00:00,9653.0,btc,usd
2020-02-19 00:00:00,10134.0,btc,usd
2020-02-20 00:00:00,9599.0,btc,usd
2020-02-21 00:00:00,9613.0,btc,usd
2020-02-22 00:00:00,9667.0,btc,usd
2020-02-23 00:00:00,9693.0,btc,usd
2020-02-24 00:00:00,9886.0,btc,usd
2020-02-25 00:00:00,9607.0,btc,usd
2020-02-26 00:00:00,9391.0,btc,usd
2020-02-27 00:00:00,8754.0,btc,usd
2020-02-28 00:00:00,8760.0,btc,usd
2020-02-29 00:00:00,8676.0,btc,usd
2020-03-01 00:00:00,8641.0,btc,usd
2020-03-02 00:00:00,8524.0,btc,usd
2020-03-03 00:00:00,8952.0,btc,usd
2020-03-04 00:00:00,8749.0,btc,usd
2020-03-05 00:00:00,8741.0,btc,usd
2020-03-06 00:00:00,9123.0,btc,usd
2020-03-07 00:00:00,9145.0,btc,usd
2020-03-08 00:00:00,8899.0,btc,usd
2020-03-09 00:00:00,8285.0,btc,usd
2020-03-10 00:00:00,7860.0,btc,usd
2020-03-11 00:00:00,8007.0,btc,usd
2020-03-12 00:00:00,7872.0,btc,usd
2020-03-13 00:00:00,5747.0,btc,usd
2020-03-14 00:00:00,5436.0,btc,usd
2020-03-15 00:00:00,5354.0,btc,usd
2020-03-16 00:00:00,5188.0,btc,usd
2020-03-17 00:00:00,4904.0,btc,usd
2020-03-18 00:00:00,5474.0,btc,usd
2020-03-19 00:00:00,5339.0,btc,usd
2020-03-20 00:00:00,6241.0,btc,usd
2020-03-21 00:00:00,5964.0,btc,usd
2020-03-22 00:00:00,6336.0,btc,usd
2020-03-23 00:00:00,5934.0,btc,usd
2020-03-24 00:00:00,6413.0,btc,usd
2020-03-25 00:00:00,6751.0,btc,usd
2020-03-26 00:00:00,6598.0,btc,usd
2020-03-27 00:00:00,6739.0,btc,usd
2020-03-28 00:00:00,6681.0,btc,usd
2020-03-29 00:00:00,6263.0,btc,usd
2020-03-30 00:00:00,5955.0,btc,usd
2020-03-31 00:00:00,6478.0,btc,usd
2020-04-01 00:00:00,6482.0,btc,usd
2020-04-02 00:00:00,6357.0,btc,usd
2020-04-03 00:00:00,6833.0,btc,usd
2020-04-04 00:00:00,6704.0,btc,usd
2020-04-05 00:00:00,6854.0,btc,usd
2020-04-06 00:00:00,6762.0,btc,usd
2020-04-07 00:00:00,7298.0,btc,usd
2020-04-08 00:00:00,7360.0,btc,usd
2020-04-09 00:00:00,7341.0,btc,usd
2020-04-10 00:00:00,7315.0,btc,usd
2020-04-11 00:00:00,6910.0,btc,usd
2020-04-12 00:00:00,6814.0,btc,usd
2020-04-13 00:00:00,7143.0,btc,usd
2020-04-14 00:00:00,6763.0,btc,usd
2020-04-15 00:00:00,6872.0,btc,usd
2020-04-16 00:00:00,6756.0,btc,usd
2020-04-17 00:00:00,7046.0,btc,usd
2020-04-18 00:00:00,7087.0,btc,usd
2020-04-19 00:00:00,7223.0,btc,usd
2020-04-20 00:00:00,7151.0,btc,usd
2020-04-21 00:00:00,6897.0,btc,usd
2020-04-22 00:00:00,6857.0,btc,usd
2020-04-23 00:00:00,7138.0,btc,usd
2020-04-24 00:00:00,7557.0,btc,usd
2020-04-25 00:00:00,7503.0,btc,usd
2020-04-26 00:00:00,7600.0,btc,usd
2020-04-27 00:00:00,7603.0,btc,usd
2020-04-28 00:00:00,7712.0,btc,usd
2020-04-29 00:00:00,7745.0,btc,usd
2020-04-30 00:00:00,8918.0,btc,usd
2020-05-01 00:00:00,8838.0,btc,usd
2020-05-02 00:00:00,8741.0,btc,usd
2020-05-03 00:00:00,8946.0,btc,usd
2020-05-04 00:00:00,8853.0,btc,usd
2020-05-05 00:00:00,8930.0,btc,usd
2020-05-06 00:00:00,8960.0,btc,usd
2020-05-07 00:00:00,9251.0,btc,usd
2020-05-08 00:00:00,9788.0,btc,usd
2020-05-09 00:00:00,9994.0,btc,usd
2020-05-10 00:00:00,9666.0,btc,usd
2020-05-11 00:00:00,8693.0,btc,usd
2020-05-12 00:00:00,8636.0,btc,usd
2020-05-13 00:00:00,8831.0,btc,usd
2020-05-14 00:00:00,9312.0,btc,usd
2020-05-15 00:00:00,9656.0,btc,usd
2020-05-16 00:00:00,9225.0,btc,usd
2020-05-17 00:00:00,9378.0,btc,usd
2020-05-18 00:00:00,9741.0,btc,usd
2020-05-19 00:00:00,9684.0,btc,usd
2020-05-20 00:00:00,9698.0,btc,usd
2020-05-21 00:00:00,9592.0,btc,usd
2020-05-22 00:00:00,9075.0,btc,usd
2020-05-23 00:00:00,9191.0,btc,usd
2020-05-24 00:00:00,9235.0,btc,usd
2020-05-25 00:00:00,9006.0,btc,usd
2020-05-26 00:00:00,8917.0,btc,usd
2020-05-27 00:00:00,8867.0,btc,usd
2020-05-28 00:00:00,9165.0,btc,usd
2020-05-29 00:00:00,9451.0,btc,usd
2020-05-30 00:00:00,9417.0,btc,usd
2020-05-31 00:00:00,9439.0,btc,usd
2020-06-01 00:00:00,9504.0,btc,usd
2020-06-02 00:00:00,9671.0,btc,usd
2020-06-03 00:00:00,9529.0,btc,usd
2020-06-04 00:00:00,9586.0,btc,usd
2020-06-05 00:00:00,9786.0,btc,usd
2020-06-06 00:00:00,9715.0,btc,usd
2020-06-07 00:00:00,9708.0,btc,usd
2020-06-08 00:00:00,9731.0,btc,usd
2020-06-09 00:00:00,9709.0,btc,usd
2020-06-10 00:00:00,9757.0,btc,usd
2020-06-11 00:00:00,9870.0,btc,usd
2020-06-12 00:00:00,9343.0,btc,usd
2020-06-13 00:00:00,9457.0,btc,usd
2020-06-14 00:00:00,9408.0,btc,usd
2020-06-15 00:00:00,9384.0,btc,usd
2020-06-16 00:00:00,9483.0,btc,usd
2020-06-17 00:00:00,9499.0,btc,usd
2020-06-18 00:00:00,9373.0,btc,usd
2020-06-19 00:00:00,9349.0,btc,usd
2020-06-20 00:00:00,9317.0,btc,usd
2020-06-21 00:00:00,9319.0,btc,usd
2020-06-22 00:00:00,9313.0,btc,usd
2020-06-23 00:00:00,9640.0,btc,usd
2020-06-24 00:00:00,9635.0,btc,usd
2020-06-25 00:00:00,9296.0,btc,usd
2020-06-26 00:00:00,9277.0,btc,usd
2020-06-27 00:00:00,9201.0,btc,usd
2020-06-28 00:00:00,8957.0,btc,usd
2020-06-29 00:00:00,9111.0,btc,usd
2020-06-30 00:00:00,9179.0,btc,usd
2020-07-01 00:00:00,9150.0,btc,usd
2020-07-02 00:00:00,9243.0,btc,usd
2020-07-03 00:00:00,9087.0,btc,usd
2020-07-04 00:00:00,9097.0,btc,usd
2020-07-05 00:00:00,9131.0,btc,usd
2020-07-06 00:00:00,9022.0,btc,usd
2020-07-07 00:00:00,9279.0,btc,usd
2020-07-08 00:00:00,9258.0,btc,usd
2020-07-09 00:00:00,9435.0,btc,usd
2020-07-10 00:00:00,9244.0,btc,usd
2020-07-11 00:00:00,9237.0,btc,usd
2020-07-12 00:00:00,9224.0,btc,usd
2020-07-13 00:00:00,9239.0,btc,usd
2020-07-14 00:00:00,9256.0,btc,usd
2020-07-15 00:00:00,9272.0,btc,usd
2020-07-16 00:00:00,9216.0,btc,usd
2020-07-17 00:00:00,9104.0,btc,usd
2020-07-18 00:00:00,9159.0,btc,usd
2020-07-19 00:00:00,9185.0,btc,usd
2020-07-20 00:00:00,9176.0,btc,usd
2020-07-21 00:00:00,9178.0,btc,usd
2020-07-22 00:00:00,9382.0,btc,usd
2020-07-23 00:00:00,9380.0,btc,usd
2020-07-24 00:00:00,9594.0,btc,usd
2020-07-25 00:00:00,9629.0,btc,usd
2020-07-26 00:00:00,9729.0,btc,usd
2020-07-27 00:00:00,9893.0,btc,usd
2020-07-28 00:00:00,10889.0,btc,usd
2020-07-29 00:00:00,10982.0,btc,usd
2020-07-30 00:00:00,11219.0,btc,usd
2020-07-31 00:00:00,11152.0,btc,usd
2020-08-01 00:00:00,11359.0,btc,usd
2020-08-02 00:00:00,11835.0,btc,usd
2020-08-03 00:00:00,11097.0,btc,usd
2020-08-04 00:00:00,11387.0,btc,usd
2020-08-05 00:00:00,11216.0,btc,usd
2020-08-06 00:00:00,11692.0,btc,usd
2020-08-07 00:00:00,11854.0,btc,usd
2020-08-08 00:00:00,11581.0,btc,usd
2020-08-09 00:00:00,11715.0,btc,usd
2020-08-10 00:00:00,11681.0,btc,usd
2020-08-11 00:00:00,11871.0,btc,usd
2020-08-12 00:00:00,11239.0,btc,usd
2020-08-13 00:00:00,11575.0,btc,usd
2020-08-14 00:00:00,11621.0,btc,usd
2020-08-15 00:00:00,11777.0,btc,usd
2020-08-16 00:00:00,11876.0,btc,usd
2020-08-17 00:00:00,11857.0,btc,usd
2020-08-18 00:00:00,12331.0,btc,usd
2020-08-19 00:00:00,12035.0,btc,usd
2020-08-20 00:00:00,11733.0,btc,usd
2020-08-21 00:00:00,11871.0,btc,usd
2020-08-22 00:00:00,11625.0,btc,usd
2020-08-23 00:00:00,11616.0,btc,usd
2020-08-24 00:00:00,11674.0,btc,usd
2020-08-25 00:00:00,11743.0,btc,usd
2020-08-26 00:00:00,11275.0,btc,usd
2020-08-27 00:00:00,11499.0,btc,usd
2020-08-28 00:00:00,11271.0,btc,usd
2020-08-29 00:00:00,11500.0,btc,usd
2020-08-30 00:00:00,11528.0,btc,usd
2020-08-31 00:00:00,11643.0,btc,usd
2020-09-01 00:00:00,11685.0,btc,usd
2020-09-02 00:00:00,12023.0,btc,usd
2020-09-03 00:00:00,11372.0,btc,usd
2020-09-04 00:00:00,10793.0,btc,usd
2020-09-05 00:00:00,10610.0,btc,usd
2020-09-06 00:00:00,10112.0,btc,usd
2020-09-07 00:00:00,10243.0,btc,usd
2020-09-08 00:00:00,10142.0,btc,usd
2020-09-09 00:00:00,10027.0,btc,usd
2020-09-10 00:00:00,10265.0,btc,usd
2020-09-11 00:00:00,10308.0,btc,usd
2020-09-12 00:00:00,10329.0,btc,usd
2020-09-13 00:00:00,10446.0,btc,usd
2020-09-14 00:00:00,10324.0,btc,usd
2020-09-15 00:00:00,10697.0,btc,usd
2020-09-16 00:00:00,10870.0,btc,usd
2020-09-17 00:00:00,11000.0,btc,usd
2020-09-18 00:00:00,10938.0,btc,usd
2020-09-19 00:00:00,10900.0,btc,usd
2020-09-20 00:00:00,11093.0,btc,usd
2020-09-21 00:00:00,10858.0,btc,usd
2020-09-22 00:00:00,10479.0,btc,usd
2020-09-23 00:00:00,10521.0,btc,usd
2020-09-24 00:00:00,10216.0,btc,usd
2020-09-25 00:00:00,10624.0,btc,usd
2020-09-26 00:00:00,10713.0,btc,usd
2020-09-27 00:00:00,10721.0,btc,usd
2020-09-28 00:00:00,10727.0,btc,usd
2020-09-29 00:00:00,10871.0,btc,usd
2020-09-30 00:00:00,10761.0,btc,usd
2020-10-01 00:00:00,10707.0,btc,usd
2020-10-02 00:00:00,10613.0,btc,usd
2020-10-03 00:00:00,10540.0,btc,usd
2020-10-04 00:00:00,10580.0,btc,usd
2020-10-05 00:00:00,10652.0,btc,usd
2020-10-06 00:00:00,10740.0,btc,usd
2020-10-07 00:00:00,10557.0,btc,usd
2020-10-08 00:00:00,10662.0,btc,usd
2020-10-09 00:00:00,10894.0,btc,usd
2020-10-10 00:00:00,11041.0,btc,usd
2020-10-11 00:00:00,11371.0,btc,usd
2020-10-12 00:00:00,11342.0,btc,usd
2020-10-13 00:00:00,11564.0,btc,usd
2020-10-14 00:00:00,11437.0,btc,usd
2020-10-15 00:00:00,11398.0,btc,usd
2020-10-16 00:00:00,11558.0,btc,usd
2020-10-17 00:00:00,11319.0,btc,usd
2020-10-18 00:00:00,11357.0,btc,usd
2020-10-19 00:00:00,11447.0,btc,usd
2020-10-20 00:00:00,11732.0,btc,usd
2020-10-21 00:00:00,11904.0,btc,usd
2020-10-22 00:00:00,12856.0,btc,usd
2020-10-23 00:00:00,13128.0,btc,usd
2020-10-24 00:00:00,12941.0,btc,usd
2020-10-25 00:00:00,13103.0,btc,usd
2020-10-26 00:00:00,13038.0,btc,usd
2020-10-27 00:00:00,13025.0,btc,usd
2020-10-28 00:00:00,13619.0,btc,usd
2020-10-29 00:00:00,13208.0,btc,usd
2020-10-30 00:00:00,13484.0,btc,usd
2020-10-31 00:00:00,13644.0,btc,usd
2020-11-01 00:00:00,13847.0,btc,usd
2020-11-02 00:00:00,13816.0,btc,usd
2020-11-03 00:00:00,13619.0,btc,usd
2020-11-04 00:00:00,13733.0,btc,usd
2020-11-05 00:00:00,14005.0,btc,usd
2020-11-06 00:00:00,15244.0,btc,usd
2020-11-07 00:00:00,15549.0,btc,usd
2020-11-08 00:00:00,14846.0,btc,usd
2020-11-09 00:00:00,15333.0,btc,usd
2020-11-10 00:00:00,15392.0,btc,usd
2020-11-11 00:00:00,15393.0,btc,usd
2020-11-12 00:00:00,15799.0,btc,usd
2020-11-13 00:00:00,16155.0,btc,usd
2020-11-14 00:00:00,16287.0,btc,usd
2020-11-15 00:00:00,15996.0,btc,usd
2020-11-16 00:00:00,15859.0,btc,usd
2020-11-17 00:00:00,16717.0,btc,usd
2020-11-18 00:00:00,17633.0,btc,usd
2020-11-19 00:00:00,17781.0,btc,usd
2020-11-20 00:00:00,17939.0,btc,usd
2020-11-21 00:00:00,18586.0,btc,usd
2020-11-22 00:00:00,18635.0,btc,usd
2020-11-23 00:00:00,18585.0,btc,usd
2020-11-24 00:00:00,18419.0,btc,usd
2020-11-25 00:00:00,18938.0,btc,usd
2020-11-26 00:00:00,18859.0,btc,usd
2020-11-27 00:00:00,17122.0,btc,usd
2020-11-28 00:00:00,17037.0,btc,usd
2020-11-29 00:00:00,17765.0,btc,usd
2020-11-30 00:00:00,18267.0,btc,usd
2020-12-01 00:00:00,19380.0,btc,usd
2020-12-02 00:00:00,19089.0,btc,usd
2020-12-03 00:00:00,19160.0,btc,usd
2020-12-04 00:00:00,19465.0,btc,usd
2020-12-05 00:00:00,18828.0,btc,usd
2020-12-06 00:00:00,19019.0,btc,usd
2020-12-07 00:00:00,19249.0,btc,usd
2020-12-08 00:00:00,19087.0,btc,usd
2020-12-09 00:00:00,18776.0,btc,usd
2020-12-10 00:00:00,18550.0,btc,usd
2020-12-11 00:00:00,18351.0,btc,usd
2020-12-12 00:00:00,18106.0,btc,usd
2020-12-13 00:00:00,18800.0,btc,usd
2020-12-14 00:00:00,19182.0,btc,usd
2020-12-15 00:00:00,19199.0,btc,usd
2020-12-16 00:00:00,19431.0,btc,usd
2020-12-17 00:00:00,21200.0,btc,usd
2020-12-18 00:00:00,22775.0,btc,usd
2020-12-19 00:00:00,22898.0,btc,usd
2020-12-20 00:00:00,23988.0,btc,usd
2020-12-21 00:00:00,23406.0,btc,usd
2020-12-22 00:00:00,23138.0,btc,usd
2020-12-23 00:00:00,23434.0,btc,usd
2020-12-24 00:00:00,23295.0,btc,usd
2020-12-25 00:00:00,23399.0,btc,usd
2020-12-26 00:00:00,24409.0,btc,usd
2020-12-27 00:00:00,26666.0,btc,usd
2020-12-28 00:00:00,26303.0,btc,usd
2020-12-29 00:00:00,26606.0,btc,usd
2020-12-30 00:00:00,26870.0,btc,usd
2020-12-31 00:00:00,28898.0,btc,usd
2021-01-01 00:00:00,28965.0,btc,usd
2021-01-02 00:00:00,29243.0,btc,usd
2021-01-03 00:00:00,31714.0,btc,usd
2021-01-04 00:00:00,33581.0,btc,usd
2021-01-05 00:00:00,31029.0,btc,usd
2021-01-06 00:00:00,33788.0,btc,usd
2021-01-07 00:00:00,35934.0,btc,usd
2021-01-08 00:00:00,39596.0,btc,usd
2021-01-09 00:00:00,39927.0,btc,usd
2021-01-10 00:00:00,40802.0,btc,usd
2021-01-11 00:00:00,37984.0,btc,usd
2021-01-12 00:00:00,34088.0,btc,usd
2021-01-13 00:00:00,34736.0,btc,usd
2021-01-14 00:00:00,37248.0,btc,usd
2021-01-15 00:00:00,38757.0,btc,usd
2021-01-16 00:00:00,36324.0,btc,usd
2021-01-17 00:00:00,35935.0,btc,usd
2021-01-18 00:00:00,36530.0,btc,usd
2021-01-19 00:00:00,36252.0,btc,usd
2021-01-20 00:00:00,36494.0,btc,usd
2021-01-21 00:00:00,34919.0,btc,usd
2021-01-22 00:00:00,31275.0,btc,usd
2021-01-23 00:00:00,33375.0,btc,usd
2021-01-24 00:00:00,32399.0,btc,usd
2021-01-25 00:00:00,31934.0,btc,usd
2021-01-26 00:00:00,32681.0,btc,usd
2021-01-27 00:00:00,31993.0,btc,usd
2021-01-28 00:00:00,30941.0,btc,usd
2021-01-29 00:00:00,33274.0,btc,usd
2021-01-30 00:00:00,34642.0,btc,usd
2021-01-31 00:00:00,34649.0,btc,usd
2021-02-01 00:00:00,32608.0,btc,usd
2021-02-02 00:00:00,33667.0,btc,usd
2021-02-03 00:00:00,35710.0,btc,usd
2021-02-04 00:00:00,37284.0,btc,usd
2021-02-05 00:00:00,37687.0,btc,usd
2021-02-06 00:00:00,37853.0,btc,usd
2021-02-07 00:00:00,40085.0,btc,usd
2021-02-08 00:00:00,38610.0,btc,usd
2021-02-09 00:00:00,44692.0,btc,usd
2021-02-10 00:00:00,47357.0,btc,usd
2021-02-11 00:00:00,45050.0,btc,usd
2021-02-12 00:00:00,46943.0,btc,usd
2021-02-13 00:00:00,47962.0,btc,usd
2021-02-14 00:00:00,47210.0,btc,usd
2021-02-15 00:00:00,48840.0,btc,usd
2021-02-16 00:00:00,48183.0,btc,usd
2021-02-17 00:00:00,48607.0,btc,usd
2021-02-18 00:00:00,52333.0,btc,usd
2021-02-19 00:00:00,52051.0,btc,usd
2021-02-20 00:00:00,55493.0,btc,usd
2021-02-21 00:00:00,56523.0,btc,usd
2021-02-22 00:00:00,57332.0,btc,usd
2021-02-23 00:00:00,54919.0,btc,usd
2021-02-24 00:00:00,48084.0,btc,usd
2021-02-25 00:00:00,48720.0,btc,usd
2021-02-26 00:00:00,48199.0,btc,usd
2021-02-27 00:00:00,45680.0,btc,usd
2021-02-28 00:00:00,46844.0,btc,usd
2021-03-01 00:00:00,45254.0,btc,usd
2021-03-02 00:00:00,48844.0,btc,usd
2021-03-03 00:00:00,47466.0,btc,usd
2021-03-04 00:00:00,50952.0,btc,usd
2021-03-05 00:00:00,47917.0,btc,usd
2021-03-06 00:00:00,49138.0,btc,usd
2021-03-07 00:00:00,48592.0,btc,usd
2021-03-08 00:00:00,50104.0,btc,usd
2021-03-09 00:00:00,51883.0,btc,usd
2021-03-10 00:00:00,54313.0,btc,usd
2021-03-11 00:00:00,56954.0,btc,usd
2021-03-12 00:00:00,57721.0,btc,usd
2021-03-13 00:00:00,56990.0,btc,usd
2021-03-14 00:00:00,61002.0,btc,usd
2021-03-15 00:00:00,60259.0,btc,usd
2021-03-16 00:00:00,56398.0,btc,usd
2021-03-17 00:00:00,56392.0,btc,usd
2021-03-18 00:00:00,57706.0,btc,usd
2021-03-19 00:00:00,57533.0,btc,usd
2021-03-20 00:00:00,58404.0,btc,usd
2021-03-21 00:00:00,58466.0,btc,usd
2021-03-22 00:00:00,57788.0,btc,usd
2021-03-23 00:00:00,54610.0,btc,usd
2021-03-24 00:00:00,54445.0,btc,usd
2021-03-25 00:00:00,54175.0,btc,usd
2021-03-26 00:00:00,51989.0,btc,usd
2021-03-27 00:00:00,54014.0,btc,usd
2021-03-28 00:00:00,55909.0,btc,usd
2021-03-29 00:00:00,54863.0,btc,usd
2021-03-30 00:00:00,57250.0,btc,usd
2021-03-31 00:00:00,58671.0,btc,usd
2021-04-01 00:00:00,58932.0,btc,usd
2021-04-02 00:00:00,58862.0,btc,usd
2021-04-03 00:00:00,58655.0,btc,usd
2021-04-04 00:00:00,58038.0,btc,usd
2021-04-05 00:00:00,58030.0,btc,usd
2021-04-06 00:00:00,58800.0,btc,usd
2021-04-07 00:00:00,58244.0,btc,usd
2021-04-08 00:00:00,56221.0,btc,usd
2021-04-09 00:00:00,57677.0,btc,usd
2021-04-10 00:00:00,58354.0,btc,usd
2021-04-11 00:00:00,58606.0,btc,usd
2021-04-12 00:00:00,59607.0,btc,usd
2021-04-13 00:00:00,60000.0,btc,usd
2021-04-14 00:00:00,63196.0,btc,usd
2021-04-15 00:00:00,62403.0,btc,usd
2021-04-16 00:00:00,63381.0,btc,usd
2021-04-17 00:00:00,61977.0,btc,usd
2021-04-18 00:00:00,60843.0,btc,usd
2021-04-19 00:00:00,56231.0,btc,usd
2021-04-20 00:00:00,56175.0,btc,usd
2021-04-21 00:00:00,56781.0,btc,usd
2021-04-22 00:00:00,55029.0,btc,usd
2021-04-23 00:00:00,51597.0,btc,usd
2021-04-24 00:00:00,50556.0,btc,usd
2021-04-25 00:00:00,50955.0,btc,usd
2021-04-26 00:00:00,48065.0,btc,usd
2021-04-27 00:00:00,53297.0,btc,usd
2021-04-28 00:00:00,55180.0,btc,usd
2021-04-29 00:00:00,54456.0,btc,usd
2021-04-30 00:00:00,52991.0,btc,usd
2021-05-01 00:00:00,56812.0,btc,usd
2021-05-02 00:00:00,57685.0,btc,usd
2021-05-03 00:00:00,57016.0,btc,usd
2021-05-04 00:00:00,56821.0,btc,usd
2021-05-05 00:00:00,54842.0,btc,usd
2021-05-06 00:00:00,56863.0,btc,usd
2021-05-07 00:00:00,55987.0,btc,usd
2021-05-08 00:00:00,57713.0,btc,usd
2021-05-09 00:00:00,59014.0,btc,usd
2021-05-10 00:00:00,58001.0,btc,usd
2021-05-11 00:00:00,55328.0,btc,usd
2021-05-12 00:00:00,56942.0,btc,usd
2021-05-13 00:00:00,54540.0,btc,usd
2021-05-14 00:00:00,49253.0,btc,usd
2021-05-15 00:00:00,49351.0,btc,usd
2021-05-16 00:00:00,48266.0,btc,usd
2021-05-17 00:00:00,44062.0,btc,usd
2021-05-18 00:00:00,44853.0,btc,usd
2021-05-19 00:00:00,43367.0,btc,usd
2021-05-20 00:00:00,38468.0,btc,usd
2021-05-21 00:00:00,40108.0,btc,usd
2021-05-22 00:00:00,35250.0,btc,usd
2021-05-23 00:00:00,38093.0,btc,usd
2021-05-24 00:00:00,33791.0,btc,usd
2021-05-25 00:00:00,39067.0,btc,usd
2021-05-26 00:00:00,37656.0,btc,usd
2021-05-27 00:00:00,38756.0,btc,usd
2021-05-28 00:00:00,38476.0,btc,usd
2021-05-29 00:00:00,35260.0,btc,usd
2021-05-30 00:00:00,34266.0,btc,usd
2021-05-31 00:00:00,36080.0,btc,usd
2021-06-01 00:00:00,36677.0,btc,usd
2021-06-02 00:00:00,36313.0,btc,usd
2021-06-03 00:00:00,37739.0,btc,usd
2021-06-04 00:00:00,38691.0,btc,usd
2021-06-05 00:00:00,37071.0,btc,usd
2021-06-06 00:00:00,35857.0,btc,usd
2021-06-07 00:00:00,35938.0,btc,usd
2021-06-08 00:00:00,34454.0,btc,usd
2021-06-09 00:00:00,33625.0,btc,usd
2021-06-10 00:00:00,36387.0,btc,usd
2021-06-11 00:00:00,36410.0,btc,usd
2021-06-12 00:00:00,37331.0,btc,usd
2021-06-13 00:00:00,36041.0,btc,usd
2021-06-14 00:00:00,40926.0,btc,usd
2021-06-15 00:00:00,39836.0,btc,usd
2021-06-16 00:00:00,39943.0,btc,usd
2021-06-17 00:00:00,38550.0,btc,usd
2021-06-18 00:00:00,37752.0,btc,usd
2021-06-19 00:00:00,35493.0,btc,usd
2021-06-20 00:00:00,36193.0,btc,usd
2021-06-21 00:00:00,35853.0,btc,usd
2021-06-22 00:00:00,32622.0,btc,usd
2021-06-23 00:00:00,32895.0,btc,usd
2021-06-24 00:00:00,33066.0,btc,usd
2021-06-25 00:00:00,34858.0,btc,usd
2021-06-26 00:00:00,32212.0,btc,usd
2021-06-27 00:00:00,31315.0,btc,usd
2021-06-28 00:00:00,32648.0,btc,usd
2021-06-29 00:00:00,34682.0,btc,usd
2021-06-30 00:00:00,36156.0,btc,usd
2021-07-01 00:00:00,34585.0,btc,usd
2021-07-02 00:00:00,33411.0,btc,usd
2021-07-03 00:00:00,33124.0,btc,usd
2021-07-04 00:00:00,34715.0,btc,usd
2021-07-05 00:00:00,35542.0,btc,usd
2021-07-06 00:00:00,33847.0,btc,usd
2021-07-07 00:00:00,33941.0,btc,usd
2021-07-08 00:00:00,34550.0,btc,usd
2021-07-09 00:00:00,32788.0,btc,usd
2021-07-10 00:00:00,33508.0,btc,usd
2021-07-11 00:00:00,33329.0,btc,usd
2021-07-12 00:00:00,33859.0,btc,usd
2021-07-13 00:00:00,32833.0,btc,usd
2021-07-14 00:00:00,32519.0,btc,usd
2021-07-15 00:00:00,32811.0,btc,usd
2021-07-16 00:00:00,31748.0,btc,usd
2021-07-17 00:00:00,31850.0,btc,usd
2021-07-18 00:00:00,31755.0,btc,usd
2021-07-19 00:00:00,31663.0,btc,usd
2021-07-20 00:00:00,30793.0,btc,usd
2021-07-21 00:00:00,29864.0,btc,usd
2021-07-22 00:00:00,31864.0,btc,usd
2021-07-23 00:00:00,32257.0,btc,usd
2021-07-24 00:00:00,32477.0,btc,usd
2021-07-25 00:00:00,33919.0,btc,usd
2021-07-26 00:00:00,34481.0,btc,usd
2021-07-27 00:00:00,37598.0,btc,usd
2021-07-28 00:00:00,38000.0,btc,usd
2021-07-29 00:00:00,40068.0,btc,usd
2021-07-30 00:00:00,39722.0,btc,usd
2021-07-31 00:00:00,40860.0,btc,usd
2021-08-01 00:00:00,41516.0,btc,usd
2021-08-02 00:00:00,41310.0,btc,usd
2021-08-03 00:00:00,38861.0,btc,usd
2021-08-04 00:00:00,38113.0,btc,usd
2021-08-05 00:00:00,39745.0,btc,usd
2021-08-06 00:00:00,40908.0,btc,usd
2021-08-07 00:00:00,42696.0,btc,usd
2021-08-08 00:00:00,43945.0,btc,usd
2021-08-09 00:00:00,43855.0,btc,usd
2021-08-10 00:00:00,45482.0,btc,usd
2021-08-11 00:00:00,45627.0,btc,usd
2021-08-12 00:00:00,46340.0,btc,usd
2021-08-13 00:00:00,44440.0,btc,usd
2021-08-14 00:00:00,47545.0,btc,usd
2021-08-15 00:00:00,46665.0,btc,usd
2021-08-16 00:00:00,46750.0,btc,usd
2021-08-17 00:00:00,46065.0,btc,usd
2021-08-18 00:00:00,45017.0,btc,usd
2021-08-19 00:00:00,44593.0,btc,usd
2021-08-20 00:00:00,46587.0,btc,usd
2021-08-21 00:00:00,48653.0,btc,usd
2021-08-22 00:00:00,49070.0,btc,usd
2021-08-23 00:00:00,48425.0,btc,usd
2021-08-24 00:00:00,49525.0,btc,usd
2021-08-25 00:00:00,48364.0,btc,usd
2021-08-26 00:00:00,48721.0,btc,usd
2021-08-27 00:00:00,47048.0,btc,usd
2021-08-28 00:00:00,48913.0,btc,usd
2021-08-29 00:00:00,48760.0,btc,usd
2021-08-30 00:00:00,48927.0,btc,usd
2021-08-31 00:00:00,48670.0,btc,usd
2021-09-01 00:00:00,47008.0,btc,usd
2021-09-02 00:00:00,48271.0,btc,usd
2021-09-03 00:00:00,49553.0,btc,usd
2021-09-04 00:00:00,50152.0,btc,usd
2021-09-05 00:00:00,50195.0,btc,usd
2021-09-06 00:00:00,51753.0,btc,usd
2021-09-07 00:00:00,51930.0,btc,usd
2021-09-08 00:00:00,46825.0,btc,usd
2021-09-09 00:00:00,46154.0,btc,usd
2021-09-10 00:00:00,46265.0,btc,usd
2021-09-11 00:00:00,45094.0,btc,usd
2021-09-12 00:00:00,45317.0,btc,usd
2021-09-13 00:00:00,45023.0,btc,usd
2021-09-14 00:00:00,45186.0,btc,usd
2021-09-15 00:00:00,46828.0,btc,usd
2021-09-16 00:00:00,47941.0,btc,usd
2021-09-17 00:00:00,47102.0,btc,usd
2021-09-18 00:00:00,47028.0,btc,usd
2021-09-19 00:00:00,48008.0,btc,usd
2021-09-20 00:00:00,47588.0,btc,usd
2021-09-21 00:00:00,43489.0,btc,usd
2021-09-22 00:00:00,40971.0,btc,usd
2021-09-23 00:00:00,43445.0,btc,usd
2021-09-24 00:00:00,44679.0,btc,usd
2021-09-25 00:00:00,43001.0,btc,usd
2021-09-26 00:00:00,42719.0,btc,usd
2021-09-27 00:00:00,43607.0,btc,usd
2021-09-28 00:00:00,42708.0,btc,usd
2021-09-29 00:00:00,41792.0,btc,usd
2021-09-30 00:00:00,41133.0,btc,usd
2021-10-01 00:00:00,43432.0,btc,usd
2021-10-02 00:00:00,48139.0,btc,usd
2021-10-03 00:00:00,48045.0,btc,usd
2021-10-04 00:00:00,48465.0,btc,usd
2021-10-05 00:00:00,49016.0,btc,usd
2021-10-06 00:00:00,51378.0,btc,usd
2021-10-07 00:00:00,54903.0,btc,usd
2021-10-08 00:00:00,54205.0,btc,usd
2021-10-09 00:00:00,53951.0,btc,usd
2021-10-10 00:00:00,54651.0,btc,usd
2021-10-11 00:00:00,55425.0,btc,usd
2021-10-12 00:00:00,57390.0,btc,usd
2021-10-13 00:00:00,55364.0,btc,usd
2021-10-14 00:00:00,56988.0,btc,usd
2021-10-15 00:00:00,57449.0,btc,usd
2021-10-16 00:00:00,62496.0,btc,usd
2021-10-17 00:00:00,61013.0,btc,usd
2021-10-18 00:00:00,59472.0,btc,usd
2021-10-19 00:00:00,61369.0,btc,usd
2021-10-20 00:00:00,64120.0,btc,usd
2021-10-21 00:00:00,65980.0,btc,usd
2021-10-22 00:00:00,62707.0,btc,usd
2021-10-23 00:00:00,60728.0,btc,usd
2021-10-24 00:00:00,61087.0,btc,usd
2021-10-25 00:00:00,61153.0,btc,usd
2021-10-26 00:00:00,62546.0,btc,usd
2021-10-27 00:00:00,62095.0,btc,usd
2021-10-28 00:00:00,58957.0,btc,usd
2021-10-29 00:00:00,61398.0,btc,usd
2021-10-30 00:00:00,62420.0,btc,usd
2021-10-31 00:00:00,61698.0,btc,usd
2021-11-01 00:00:00,60968.0,btc,usd
2021-11-02 00:00:00,60652.0,btc,usd
2021-11-03 00:00:00,63140.0,btc,usd
2021-11-04 00:00:00,62769.0,btc,usd
2021-11-05 00:00:00,61364.0,btc,usd
2021-11-06 00:00:00,60966.0,btc,usd
2021-11-07 00:00:00,61226.0,btc,usd
2021-11-08 00:00:00,62862.0,btc,usd
2021-11-09 00:00:00,66143.0,btc,usd
2021-11-10 00:00:00,67802.0,btc,usd
2021-11-11 00:00:00,64193.0,btc,usd
2021-11-12 00:00:00,65030.0,btc,usd
2021-11-13 00:00:00,64130.0,btc,usd
2021-11-14 00:00:00,64317.0,btc,usd
2021-11-15 00:00:00,64361.0,btc,usd
2021-11-16 00:00:00,63864.0,btc,usd
2021-11-17 00:00:00,60509.0,btc,usd
2021-11-18 00:00:00,60101.0,btc,usd
2021-11-19 00:00:00,57606.0,btc,usd
2021-11-20 00:00:00,57924.0,btc,usd
2021-11-21 00:00:00,59682.0,btc,usd
2021-11-22 00:00:00,59568.0,btc,usd
2021-11-23 00:00:00,56278.0,btc,usd
2021-11-24 00:00:00,57696.0,btc,usd
2021-11-25 00:00:00,57334.0,btc,usd
2021-11-26 00:00:00,58834.0,btc,usd
2021-11-27 00:00:00,54101.0,btc,usd
2021-11-28 00:00:00,54601.0,btc,usd
2021-11-29 00:00:00,56281.0,btc,usd
2021-11-30 00:00:00,58266.0,btc,usd
2021-12-01 00:00:00,57144.0,btc,usd
2021-12-02 00:00:00,57026.0,btc,usd
2021-12-03 00:00:00,56904.0,btc,usd
2021-12-04 00:00:00,53648.0,btc,usd
2021-12-05 00:00:00,48770.0,btc,usd
2021-12-06 00:00:00,49275.0,btc,usd
2021-12-07 00:00:00,50126.0,btc,usd
2021-12-08 00:00:00,50500.0,btc,usd
2021-12-09 00:00:00,50634.0,btc,usd
2021-12-10 00:00:00,47996.0,btc,usd
2021-12-11 00:00:00,47984.0,btc,usd
2021-12-12 00:00:00,48847.0,btc,usd
2021-12-13 00:00:00,49981.0,btc,usd
2021-12-14 00:00:00,46892.0,btc,usd
2021-12-15 00:00:00,48280.0,btc,usd
2021-12-16 00:00:00,49221.0,btc,usd
2021-12-17 00:00:00,48139.0,btc,usd
2021-12-18 00:00:00,46946.0,btc,usd
2021-12-19 00:00:00,46941.0,btc,usd
2021-12-20 00:00:00,46741.0,btc,usd
2021-12-21 00:00:00,47013.0,btc,usd
2021-12-22 00:00:00,49103.0,btc,usd
2021-12-23 00:00:00,49082.0,btc,usd
2021-12-24 00:00:00,50849.0,btc,usd
2021-12-25 00:00:00,50898.0,btc,usd
2021-12-26 00:00:00,51003.0,btc,usd
2021-12-27 00:00:00,50802.0,btc,usd
2021-12-28 00:00:00,50990.0,btc,usd
2021-12-29 00:00:00,47586.0,btc,usd
2021-12-30 00:00:00,47233.0,btc,usd
2021-12-31 00:00:00,47239.0,btc,usd
2022-01-01 00:00:00,46338.0,btc,usd
2022-01-02 00:00:00,47312.0,btc,usd
2022-01-03 00:00:00,47026.0,btc,usd
2022-01-04 00:00:00,46055.0,btc,usd
2022-01-05 00:00:00,46298.0,btc,usd
2022-01-06 00:00:00,43658.0,btc,usd
2022-01-07 00:00:00,43114.0,btc,usd
2022-01-08 00:00:00,41884.0,btc,usd
2022-01-09 00:00:00,41786.0,btc,usd
2022-01-10 00:00:00,42314.0,btc,usd
2022-01-11 00:00:00,41705.0,btc,usd
2022-01-12 00:00:00,42686.0,btc,usd
2022-01-13 00:00:00,43815.0,btc,usd
2022-01-14 00:00:00,42826.0,btc,usd
2022-01-15 00:00:00,43329.0,btc,usd
2022-01-16 00:00:00,43332.0,btc,usd
2022-01-17 00:00:00,43011.0,btc,usd
2022-01-18 00:00:00,41741.0,btc,usd
2022-01-19 00:00:00,42401.0,btc,usd
2022-01-20 00:00:00,41733.0,btc,usd
2022-01-21 00:00:00,41391.0,btc,usd
2022-01-22 00:00:00,36701.0,btc,usd
2022-01-23 00:00:00,35461.0,btc,usd
2022-01-24 00:00:00,35379.0,btc,usd
2022-01-25 00:00:00,36851.0,btc,usd
2022-01-26 00:00:00,36632.0,btc,usd
2022-01-27 00:00:00,36371.0,btc,usd
2022-01-28 00:00:00,36223.0,btc,usd
2022-01-29 00:00:00,37818.0,btc,usd
2022-01-30 00:00:00,38437.0,btc,usd
2022-01-31 00:00:00,37747.0,btc,usd
2022-02-01 00:00:00,38444.0,btc,usd
2022-02-02 00:00:00,38741.0,btc,usd
2022-02-03 00:00:00,36877.0,btc,usd
2022-02-04 00:00:00,36967.0,btc,usd
2022-02-05 00:00:00,40647.0,btc,usd
2022-02-06 00:00:00,41670.0,btc,usd
2022-02-07 00:00:00,41693.0,btc,usd
2022-02-08 00:00:00,44050.0,btc,usd
2022-02-09 00:00:00,44264.0,btc,usd
2022-02-10 00:00:00,44502.0,btc,usd
2022-02-11 00:00:00,43753.0,btc,usd
2022-02-12 00:00:00,42561.0,btc,usd
2022-02-13 00:00:00,41910.0,btc,usd
2022-02-14 00:00:00,42259.0,btc,usd
2022-02-15 00:00:00,42257.0,btc,usd
2022-02-16 00:00:00,44007.0,btc,usd
2022-02-17 00:00:00,44091.0,btc,usd
2022-02-18 00:00:00,40708.0,btc,usd
2022-02-19 00:00:00,39996.0,btc,usd
2022-02-20 00:00:00,39936.0,btc,usd
2022-02-21 00:00:00,38249.0,btc,usd
2022-02-22 00:00:00,37018.0,btc,usd
2022-02-23 00:00:00,37913.0,btc,usd
2022-02-24 00:00:00,37521.0,btc,usd
2022-02-25 00:00:00,38396.0,btc,usd
2022-02-26 00:00:00,38992.0,btc,usd
2022-02-27 00:00:00,39479.0,btc,usd
2022-02-28 00:00:00,37440.0,btc,usd
2022-03-01 00:00:00,41650.0,btc,usd
2022-03-02 00:00:00,43899.0,btc,usd
2022-03-03 00:00:00,43950.0,btc,usd
2022-03-04 00:00:00,42117.0,btc,usd
2022-03-05 00:00:00,39410.0,btc,usd
2022-03-06 00:00:00,39378.0,btc,usd
2022-03-07 00:00:00,38994.0,btc,usd
2022-03-08 00:00:00,37873.0,btc,usd
2022-03-09 00:00:00,38545.0,btc,usd
2022-03-10 00:00:00,41910.0,btc,usd
2022-03-11 00:00:00,39330.0,btc,usd
2022-03-12 00:00:00,38864.0,btc,usd
2022-03-13 00:00:00,39103.0,btc,usd
2022-03-14 00:00:00,38692.0,btc,usd
2022-03-15 00:00:00,38737.0,btc,usd
2022-03-16 00:00:00,39452.0,btc,usd
2022-03-17 00:00:00,41252.0,btc,usd
2022-03-18 00:00:00,40723.0,btc,usd
2022-03-19 00:00:00,41849.0,btc,usd
2022-03-20 00:00:00,42256.0,btc,usd
2022-03-21 00:00:00,41308.0,btc,usd
2022-03-22 00:00:00,41186.0,btc,usd
2022-03-23 00:00:00,42611.0,btc,usd
2022-03-24 00:00:00,42350.0,btc,usd
2022-03-25 00:00:00,43914.0,btc,usd
2022-03-26 00:00:00,44600.0,btc,usd
2022-03-27 00:00:00,44608.0,btc,usd
2022-03-28 00:00:00,46105.0,btc,usd
2022-03-29 00:00:00,47944.0,btc,usd
2022-03-30 00:00:00,47470.0,btc,usd
2022-03-31 00:00:00,47232.0,btc,usd
2022-04-01 00:00:00,45760.0,btc,usd
2022-04-02 00:00:00,46175.0,btc,usd
2022-04-03 00:00:00,46208.0,btc,usd
2022-04-04 00:00:00,46391.0,btc,usd
2022-04-05 00:00:00,46304.0,btc,usd
2022-04-06 00:00:00,45707.0,btc,usd
2022-04-07 00:00:00,43905.0,btc,usd
2022-04-08 00:00:00,43573.0,btc,usd
2022-04-09 00:00:00,42808.0,btc,usd
2022-04-10 00:00:00,42459.0,btc,usd
2022-04-11 00:00:00,43147.0,btc,usd
2022-04-12 00:00:00,39850.0,btc,usd
2022-04-13 00:00:00,39536.0,btc,usd
2022-04-14 00:00:00,41245.0,btc,usd
2022-04-15 00:00:00,39896.0,btc,usd
2022-04-16 00:00:00,40404.0,btc,usd
2022-04-17 00:00:00,40356.0,btc,usd
2022-04-18 00:00:00,40295.0,btc,usd
2022-04-19 00:00:00,40665.0,btc,usd
2022-04-20 00:00:00,41300.0,btc,usd
2022-04-21 00:00:00,41435.0,btc,usd
2022-04-22 00:00:00,40647.0,btc,usd
2022-04-23 00:00:00,39597.0,btc,usd
2022-04-24 00:00:00,39794.0,btc,usd
2022-04-25 00:00:00,39539.0,btc,usd
2022-04-26 00:00:00,40140.0,btc,usd
2022-04-27 00:00:00,38128.0,btc,usd
2022-04-28 00:00:00,39095.0,btc,usd
2022-04-29 00:00:00,39928.0,btc,usd
2022-04-30 00:00:00,38559.0,btc,usd
2022-05-01 00:00:00,38332.0,btc,usd
2022-05-02 00:00:00,38196.0,btc,usd
2022-05-03 00:00:00,38321.0,btc,usd
2022-05-04 00:00:00,37633.0,btc,usd
2022-05-05 00:00:00,39780.0,btc,usd
2022-05-06 00:00:00,36432.0,btc,usd
2022-05-07 00:00:00,36074.0,btc,usd
2022-05-08 00:00:00,35775.0,btc,usd
2022-05-09 00:00:00,34604.0,btc,usd
2022-05-10 00:00:00,31076.0,btc,usd
2022-05-11 00:00:00,30960.0,btc,usd
2022-05-12 00:00:00,28315.0,btc,usd
2022-05-13 00:00:00,28572.0,btc,usd
2022-05-14 00:00:00,29800.0,btc,usd
2022-05-15 00:00:00,29370.0,btc,usd
2022-05-16 00:00:00,30991.0,btc,usd
2022-05-17 00:00:00,29880.0,btc,usd
2022-05-18 00:00:00,30081.0,btc,usd
2022-05-19 00:00:00,29205.0,btc,usd
2022-05-20 00:00:00,30214.0,btc,usd
2022-05-21 00:00:00,29121.0,btc,usd
2022-05-22 00:00:00,29380.0,btc,usd
2022-05-23 00:00:00,29910.0,btc,usd
2022-05-24 00:00:00,29289.0,btc,usd
2022-05-25 00:00:00,29429.0,btc,usd
2022-05-26 00:00:00,29762.0,btc,usd
2022-05-27 00:00:00,29447.0,btc,usd
2022-05-28 00:00:00,28739.0,btc,usd
2022-05-29 00:00:00,28996.0,btc,usd
2022-05-30 00:00:00,29162.0,btc,usd
2022-05-31 00:00:00,31271.0,btc,usd
2022-06-01 00:00:00,31757.0,btc,usd
2022-06-02 00:00:00,29645.0,btc,usd
2022-06-03 00:00:00,30242.0,btc,usd
2022-06-04 00:00:00,29649.0,btc,usd
2022-06-05 00:00:00,29726.0,btc,usd
2022-06-06 00:00:00,29941.0,btc,usd
2022-06-07 00:00:00,31432.0,btc,usd
2022-06-08 00:00:00,31341.0,btc,usd
2022-06-09 00:00:00,30202.0,btc,usd
2022-06-10 00:00:00,30148.0,btc,usd
2022-06-11 00:00:00,29194.0,btc,usd
2022-06-12 00:00:00,28403.0,btc,usd
2022-06-13 00:00:00,27383.0,btc,usd
2022-06-14 00:00:00,23238.0,btc,usd
2022-06-15 00:00:00,21992.0,btc,usd
2022-06-16 00:00:00,21693.0,btc,usd
2022-06-17 00:00:00,20683.0,btc,usd
2022-06-18 00:00:00,20618.0,btc,usd
2022-06-19 00:00:00,17727.0,btc,usd
2022-06-20 00:00:00,20501.0,btc,usd
2022-06-21 00:00:00,20444.0,btc,usd
2022-06-22 00:00:00,20836.0,btc,usd
2022-06-23 00:00:00,19898.0,btc,usd
2022-06-24 00:00:00,20797.0,btc,usd
2022-06-25 00:00:00,21194.0,btc,usd
2022-06-26 00:00:00,21222.0,btc,usd
2022-06-27 00:00:00,21390.0,btc,usd
2022-06-28 00:00:00,20900.0,btc,usd
2022-06-29 00:00:00,20253.0,btc,usd
2022-06-30 00:00:00,20188.0,btc,usd
2022-07-01 00:00:00,18731.0,btc,usd
2022-07-02 00:00:00,19420.0,btc,usd
2022-07-03 00:00:00,19295.0,btc,usd
2022-07-04 00:00:00,19106.0,btc,usd
2022-07-05 00:00:00,19532.0,btc,usd
2022-07-06 00:00:00,20439.0,btc,usd
2022-07-07 00:00:00,20394.0,btc,usd
2022-07-08 00:00:00,21608.0,btc,usd
2022-07-09 00:00:00,21834.0,btc,usd
2022-07-10 00:00:00,21686.0,btc,usd
2022-07-11 00:00:00,20960.0,btc,usd
2022-07-12 00:00:00,20402.0,btc,usd
2022-07-13 00:00:00,19434.0,btc,usd
2022-07-14 00:00:00,19663.0,btc,usd
2022-07-15 00:00:00,20660.0,btc,usd
2022-07-16 00:00:00,20925.0,btc,usd
2022-07-17 00:00:00,21165.0,btc,usd
2022-07-18 00:00:00,20938.0,btc,usd
2022-07-19 00:00:00,21514.0,btc,usd
2022-07-20 00:00:00,23308.0,btc,usd
2022-07-21 00:00:00,23305.0,btc,usd
2022-07-22 00:00:00,23134.0,btc,usd
2022-07-23 00:00:00,22603.0,btc,usd
2022-07-24 00:00:00,22319.0,btc,usd
2022-07-25 00:00:00,22749.0,btc,usd
2022-07-26 00:00:00,22166.0,btc,usd
2022-07-27 00:00:00,20964.0,btc,usd
2022-07-28 00:00:00,22795.0,btc,usd
2022-07-29 00:00:00,24012.0,btc,usd
2022-07-30 00:00:00,23952.0,btc,usd
2022-07-31 00:00:00,23979.0,btc,usd
2022-08-01 00:00:00,23804.0,btc,usd
2022-08-02 00:00:00,23027.0,btc,usd
2022-08-03 00:00:00,23015.0,btc,usd
2022-08-04 00:00:00,23324.0,btc,usd
2022-08-05 00:00:00,22503.0,btc,usd
2022-08-06 00:00:00,22969.0,btc,usd
2022-08-07 00:00:00,23167.0,btc,usd
2022-08-08 00:00:00,23271.0,btc,usd
2022-08-09 00:00:00,24073.0,btc,usd
2022-08-10 00:00:00,23147.0,btc,usd
2022-08-11 00:00:00,23909.0,btc,usd
2022-08-12 00:00:00,24214.0,btc,usd
2022-08-13 00:00:00,24235.0,btc,usd
2022-08-14 00:00:00,24505.0,btc,usd
2022-08-15 00:00:00,24320.0,btc,usd
2022-08-16 00:00:00,24070.0,btc,usd
2022-08-17 00:00:00,23973.0,btc,usd
2022-08-18 00:00:00,23408.0,btc,usd
2022-08-19 00:00:00,23413.0,btc,usd
2022-08-20 00:00:00,21278.0,btc,usd
2022-08-21 00:00:00,20856.0,btc,usd
2022-08-22 00:00:00,21520.0,btc,usd
2022-08-23 00:00:00,21126.0,btc,usd
2022-08-24 00:00:00,21489.0,btc,usd
2022-08-25 00:00:00,21693.0,btc,usd
2022-08-26 00:00:00,21647.0,btc,usd
2022-08-27 00:00:00,20657.0,btc,usd
2022-08-28 00:00:00,20000.0,btc,usd
2022-08-29 00:00:00,19999.0,btc,usd
2022-08-30 00:00:00,20188.0,btc,usd
2022-08-31 00:00:00,19975.0,btc,usd
2022-09-01 00:00:00,20207.0,btc,usd
2022-09-02 00:00:00,20076.0,btc,usd
2022-09-03 00:00:00,19965.0,btc,usd
2022-09-04 00:00:00,19739.0,btc,usd
2022-09-05 00:00:00,19898.0,btc,usd
2022-09-06 00:00:00,19743.0,btc,usd
2022-09-07 00:00:00,18962.0,btc,usd
2022-09-08 00:00:00,19393.0,btc,usd
2022-09-09 00:00:00,19371.0,btc,usd
2022-09-10 00:00:00,21285.0,btc,usd
2022-09-11 00:00:00,21487.0,btc,usd
2022-09-12 00:00:00,21643.0,btc,usd
2022-09-13 00:00:00,22396.0,btc,usd
2022-09-14 00:00:00,20254.0,btc,usd
2022-09-15 00:00:00,19948.0,btc,usd
2022-09-16 00:00:00,19836.0,btc,usd
2022-09-17 00:00:00,19743.0,btc,usd
2022-09-18 00:00:00,20081.0,btc,usd
2022-09-19 00:00:00,19721.0,btc,usd
2022-09-20 00:00:00,19520.0,btc,usd
2022-09-21 00:00:00,18976.0,btc,usd
2022-09-22 00:00:00,18918.0,btc,usd
2022-09-23 00:00:00,19247.0,btc,usd
2022-09-24 00:00:00,18852.0,btc,usd
2022-09-25 00:00:00,19138.0,btc,usd
2022-09-26 00:00:00,18888.0,btc,usd
2022-09-27 00:00:00,19121.0,btc,usd
2022-09-28 00:00:00,19055.0,btc,usd
2022-09-29 00:00:00,19574.0,btc,usd
2022-09-30 00:00:00,19483.0,btc,usd
2022-10-01 00:00:00,19425.0,btc,usd
2022-10-02 00:00:00,19250.0,btc,usd
2022-10-03 00:00:00,19227.0,btc,usd
2022-10-04 00:00:00,19590.0,btc,usd
2022-10-05 00:00:00,20350.0,btc,usd
2022-10-06 00:00:00,20022.0,btc,usd
2022-10-07 00:00:00,20055.0,btc,usd
2022-10-08 00:00:00,19549.0,btc,usd
2022-10-09 00:00:00,19461.0,btc,usd
2022-10-10 00:00:00,19477.0,btc,usd
2022-10-11 00:00:00,19243.0,btc,usd
2022-10-12 00:00:00,19026.0,btc,usd
2022-10-13 00:00:00,19163.0,btc,usd
2022-10-14 00:00:00,19382.0,btc,usd
2022-10-15 00:00:00,19186.0,btc,usd
2022-10-16 00:00:00,19103.0,btc,usd
2022-10-17 00:00:00,19349.0,btc,usd
2022-10-18 00:00:00,19527.0,btc,usd
2022-10-19 00:00:00,19365.0,btc,usd
2022-10-20 00:00:00,19196.0,btc,usd
2022-10-21 00:00:00,19027.0,btc,usd
2022-10-22 00:00:00,19179.0,btc,usd
2022-10-23 00:00:00,19218.0,btc,usd
2022-10-24 00:00:00,19498.0,btc,usd
2022-10-25 00:00:00,19374.0,btc,usd
2022-10-26 00:00:00,20172.0,btc,usd
2022-10-27 00:00:00,20754.0,btc,usd
2022-10-28 00:00:00,20418.0,btc,usd
2022-10-29 00:00:00,20634.0,btc,usd
2022-10-30 00:00:00,20865.0,btc,usd
2022-10-31 00:00:00,20683.0,btc,usd
2022-11-01 00:00:00,20407.0,btc,usd
2022-11-02 00:00:00,20481.0,btc,usd
2022-11-03 00:00:00,20192.0,btc,usd
2022-11-04 00:00:00,20240.0,btc,usd
2022-11-05 00:00:00,21147.0,btc,usd
2022-11-06 00:00:00,21367.0,btc,usd
2022-11-07 00:00:00,21132.0,btc,usd
2022-11-08 00:00:00,20667.0,btc,usd
2022-11-09 00:00:00,18711.0,btc,usd
2022-11-10 00:00:00,15788.0,btc,usd
2022-11-11 00:00:00,17807.0,btc,usd
2022-11-12 00:00:00,16773.0,btc,usd
2022-11-13 00:00:00,16793.0,btc,usd
2022-11-14 00:00:00,16380.0,btc,usd
2022-11-15 00:00:00,16393.0,btc,usd
2022-11-16 00:00:00,16880.0,btc,usd
2022-11-17 00:00:00,16538.0,btc,usd
2022-11-18 00:00:00,16681.0,btc,usd
2022-11-19 00:00:00,16640.0,btc,usd
2022-11-20 00:00:00,16665.0,btc,usd
2022-11-21 00:00:00,16251.0,btc,usd
2022-11-22 00:00:00,15602.0,btc,usd
2022-11-23 00:00:00,16137.0,btc,usd
2022-11-24 00:00:00,16482.0,btc,usd
2022-11-25 00:00:00,16537.0,btc,usd
2022-11-26 00:00:00,16503.0,btc,usd
2022-11-27 00:00:00,16507.0,btc,usd
2022-11-28 00:00:00,16570.0,btc,usd
2022-11-29 00:00:00,16193.0,btc,usd
2022-11-30 00:00:00,16454.0,btc,usd
2022-12-01 00:00:00,17102.0,btc,usd
2022-12-02 00:00:00,16931.0,btc,usd
2022-12-03 00:00:00,17016.0,btc,usd
2022-12-04 00:00:00,16957.0,btc,usd
2022-12-05 00:00:00,17113.0,btc,usd
2022-12-06 00:00:00,16970.0,btc,usd
2022-12-07 00:00:00,16994.0,btc,usd
2022-12-08 00:00:00,16833.0,btc,usd
2022-12-09 00:00:00,17178.0,btc,usd
2022-12-10 00:00:00,17109.0,btc,usd
2022-12-11 00:00:00,17129.0,btc,usd
2022-12-12 00:00:00,17109.0,btc,usd
2022-12-13 00:00:00,17153.0,btc,usd
2022-12-14 00:00:00,17764.0,btc,usd
2022-12-15 00:00:00,17818.0,btc,usd
2022-12-16 00:00:00,17384.0,btc,usd
2022-12-17 00:00:00,16835.0,btc,usd
2022-12-18 00:00:00,16709.0,btc,usd
2022-12-19 00:00:00,16750.0,btc,usd
2022-12-20 00:00:00,16583.0,btc,usd
2022-12-21 00:00:00,16883.0,btc,usd
2022-12-22 00:00:00,16790.0,btc,usd
2022-12-23 00:00:00,16791.0,btc,usd
2022-12-24 00:00:00,16815.0,btc,usd
2022-12-25 00:00:00,16836.0,btc,usd
2022-12-26 00:00:00,16823.0,btc,usd
2022-12-27 00:00:00,16821.0,btc,usd
2022-12-28 00:00:00,16698.0,btc,usd
2022-12-29 00:00:00,16517.0,btc,usd
2022-12-30 00:00:00,16599.0,btc,usd
2022-12-31 00:00:00,16576.0,btc,usd
2023-01-01 00:00:00,16549.0,btc,usd
2023-01-02 00:00:00,16591.0,btc,usd
2023-01-03 00:00:00,16725.0,btc,usd
2023-01-04 00:00:00,16667.0,btc,usd
2023-01-05 00:00:00,16821.0,btc,usd
2023-01-06 00:00:00,16846.0,btc,usd
2023-01-07 00:00:00,16929.0,btc,usd
2023-01-08 00:00:00,16943.0,btc,usd
2023-01-09 00:00:00,16955.0,btc,usd
2023-01-10 00:00:00,17190.0,btc,usd
2023-01-11 00:00:00,17475.0,btc,usd
2023-01-12 00:00:00,17556.0,btc,usd
2023-01-13 00:00:00,18836.0,btc,usd
2023-01-14 00:00:00,19818.0,btc,usd
2023-01-15 00:00:00,20900.0,btc,usd
2023-01-16 00:00:00,20898.0,btc,usd
2023-01-17 00:00:00,21130.0,btc,usd
2023-01-18 00:00:00,21330.0,btc,usd
2023-01-19 00:00:00,20772.0,btc,usd
2023-01-20 00:00:00,20941.0,btc,usd
2023-01-21 00:00:00,22336.0,btc,usd
2023-01-22 00:00:00,23199.0,btc,usd
2023-01-23 00:00:00,22599.0,btc,usd
2023-01-24 00:00:00,22989.0,btc,usd
2023-01-25 00:00:00,22903.0,btc,usd
2023-01-26 00:00:00,23576.0,btc,usd
2023-01-27 00:00:00,23072.0,btc,usd
2023-01-28 00:00:00,23097.0,btc,usd
2023-01-29 00:00:00,23005.0,btc,usd
2023-01-30 00:00:00,23792.0,btc,usd
2023-01-31 00:00:00,22743.0,btc,usd
2023-02-01 00:00:00,22950.0,btc,usd
2023-02-02 00:00:00,23678.0,btc,usd
2023-02-03 00:00:00,23598.0,btc,usd
2023-02-04 00:00:00,23380.0,btc,usd
2023-02-05 00:00:00,23417.0,btc,usd
2023-02-06 00:00:00,22896.0,btc,usd
2023-02-07 00:00:00,22918.0,btc,usd
2023-02-08 00:00:00,23191.0,btc,usd
2023-02-09 00:00:00,22960.0,btc,usd
2023-02-10 00:00:00,21841.0,btc,usd
2023-02-11 00:00:00,21543.0,btc,usd
2023-02-12 00:00:00,21829.0,btc,usd
2023-02-13 00:00:00,21739.0,btc,usd
2023-02-14 00:00:00,21624.0,btc,usd
2023-02-15 00:00:00,22251.0,btc,usd
