2018-02-16 00:00:00,0.00010118,usd,btc
2018-02-17 00:00:00,9.917e-05,usd,btc
2018-02-18 00:00:00,9.221e-05,usd,btc
2018-02-19 00:00:00,9.283e-05,usd,btc
2018-02-20 00:00:00,9.026e-05,usd,btc
2018-02-21 00:00:00,8.538e-05,usd,btc
2018-02-22 00:00:00,9.717e-05,usd,btc
2018-02-23 00:00:00,0.00010089,usd,btc
2018-02-24 00:00:00,0.00010085,usd,btc
2018-02-25 00:00:00,0.00010527,usd,btc
2018-02-26 00:00:00,0.0001043,usd,btc
2018-02-27 00:00:00,9.647e-05,usd,btc
2018-02-28 00:00:00,9.307e-05,usd,btc
2018-03-01 00:00:00,9.495e-05,usd,btc
2018-03-02 00:00:00,9.148e-05,usd,btc
2018-03-03 00:00:00,9.078e-05,usd,btc
2018-03-04 00:00:00,8.861e-05,usd,btc
2018-03-05 00:00:00,8.772e-05,usd,btc
2018-03-06 00:00:00,8.651e-05,usd,btc
2018-03-07 00:00:00,9.27e-05,usd,btc
2018-03-08 00:00:00,0.00010057,usd,btc
2018-03-09 00:00:00,0.00010705,usd,btc
2018-03-10 00:00:00,0.00011084,usd,btc
2018-03-11 00:00:00,0.00011315,usd,btc
2018-03-12 00:00:00,0.00010492,usd,btc
2018-03-13 00:00:00,0.00010984,usd,btc
2018-03-14 00:00:00,0.00010988,usd,btc
2018-03-15 00:00:00,0.0001247,usd,btc
2018-03-16 00:00:00,0.00012044,usd,btc
2018-03-17 00:00:00,0.00011762,usd,btc
2018-03-18 00:00:00,0.00012579,usd,btc
2018-03-19 00:00:00,0.0001209,usd,btc
2018-03-20 00:00:00,0.00011932,usd,btc
2018-03-21 00:00:00,0.00011119,usd,btc
2018-03-22 00:00:00,0.00011211,usd,btc
2018-03-23 00:00:00,0.0001161,usd,btc
2018-03-24 00:00:00,0.00011554,usd,btc
2018-03-25 00:00:00,0.00011522,usd,btc
2018-03-26 00:00:00,0.00011598,usd,btc
2018-03-27 00:00:00,0.00012682,usd,btc
2018-03-28 00:00:00,0.00012503,usd,btc
2018-03-29 00:00:00,0.00012705,usd,btc
2018-03-30 00:00:00,0.00014146,usd,btc
2018-03-31 00:00:00,0.00014468,usd,btc
2018-04-01 00:00:00,0.00014438,usd,btc
2018-04-02 00:00:00,0.0001451,usd,btc
2018-04-03 00:00:00,0.00014329,usd,btc
2018-04-04 00:00:00,0.00013504,usd,btc
2018-04-05 00:00:00,0.00014605,usd,btc
2018-04-06 00:00:00,0.00014817,usd,btc
2018-04-07 00:00:00,0.00015145,usd,btc
2018-04-08 00:00:00,0.00014282,usd,btc
2018-04-09 00:00:00,0.00014382,usd,btc
2018-04-10 00:00:00,0.00015004,usd,btc
2018-04-11 00:00:00,0.0001462,usd,btc
2018-04-12 00:00:00,0.00014514,usd,btc
2018-04-13 00:00:00,0.00012937,usd,btc
2018-04-14 00:00:00,0.00012655,usd,btc
2018-04-15 00:00:00,0.00012389,usd,btc
2018-04-16 00:00:00,0.00012067,usd,btc
2018-04-17 00:00:00,0.00012516,usd,btc
2018-04-18 00:00:00,0.00012634,usd,btc
2018-04-19 00:00:00,0.00012213,usd,btc
2018-04-20 00:00:00,0.00012145,usd,btc
2018-04-21 00:00:00,0.00011734,usd,btc
2018-04-22 00:00:00,0.00011399,usd,btc
2018-04-23 00:00:00,0.00011244,usd,btc
2018-04-24 00:00:00,0.00011196,usd,btc
2018-04-25 00:00:00,0.00010581,usd,btc
2018-04-26 00:00:00,0.0001102,usd,btc
2018-04-27 00:00:00,0.00010979,usd,btc
2018-04-28 00:00:00,0.00011141,usd,btc
2018-04-29 00:00:00,0.00010678,usd,btc
2018-04-30 00:00:00,0.00010761,usd,btc
2018-05-01 00:00:00,0.00010782,usd,btc
2018-05-02 00:00:00,0.00011095,usd,btc
2018-05-03 00:00:00,0.00010892,usd,btc
2018-05-04 00:00:00,0.00010356,usd,btc
2018-05-05 00:00:00,0.00010321,usd,btc
2018-05-06 00:00:00,0.00010264,usd,btc
2018-05-07 00:00:00,0.00010506,usd,btc
2018-05-08 00:00:00,0.000106,usd,btc
2018-05-09 00:00:00,0.00010919,usd,btc
2018-05-10 00:00:00,0.00010808,usd,btc
2018-05-11 00:00:00,0.00010996,usd,btc
2018-05-12 00:00:00,0.00011854,usd,btc
2018-05-13 00:00:00,0.00011854,usd,btc
2018-05-14 00:00:00,0.00011474,usd,btc
2018-05-15 00:00:00,0.00011343,usd,btc
2018-05-16 00:00:00,0.00011732,usd,btc
2018-05-17 00:00:00,0.00012057,usd,btc
2018-05-18 00:00:00,0.00012186,usd,btc
2018-05-19 00:00:00,0.00012155,usd,btc
2018-05-20 00:00:00,0.00012098,usd,btc
2018-05-21 00:00:00,0.0001169,usd,btc
2018-05-22 00:00:00,0.00011892,usd,btc
2018-05-23 00:00:00,0.00012337,usd,btc
2018-05-24 00:00:00,0.00013179,usd,btc
2018-05-25 00:00:00,0.00013247,usd,btc
2018-05-26 00:00:00,0.00013426,usd,btc
2018-05-27 00:00:00,0.00013287,usd,btc
2018-05-28 00:00:00,0.00013674,usd,btc
2018-05-29 00:00:00,0.00013854,usd,btc
2018-05-30 00:00:00,0.00013335,usd,btc
2018-05-31 00:00:00,0.00013628,usd,btc
2018-06-01 00:00:00,0.00013264,usd,btc
2018-06-02 00:00:00,0.00013444,usd,btc
2018-06-03 00:00:00,0.0001313,usd,btc
2018-06-04 00:00:00,0.00012942,usd,btc
2018-06-05 00:00:00,0.00013291,usd,btc
2018-06-06 00:00:00,0.00013111,usd,btc
2018-06-07 00:00:00,0.0001312,usd,btc
2018-06-08 00:00:00,0.00013055,usd,btc
2018-06-09 00:00:00,0.00013079,usd,btc
2018-06-10 00:00:00,0.00013104,usd,btc
2018-06-11 00:00:00,0.00014883,usd,btc
2018-06-12 00:00:00,0.00014789,usd,btc
2018-06-13 00:00:00,0.00015316,usd,btc
2018-06-14 00:00:00,0.00015977,usd,btc
2018-06-15 00:00:00,0.00015024,usd,btc
2018-06-16 00:00:00,0.00015389,usd,btc
2018-06-17 00:00:00,0.00015326,usd,btc
2018-06-18 00:00:00,0.00015408,usd,btc
2018-06-19 00:00:00,0.00014865,usd,btc
2018-06-20 00:00:00,0.00014934,usd,btc
2018-06-21 00:00:00,0.00014815,usd,btc
2018-06-22 00:00:00,0.00014885,usd,btc
2018-06-23 00:00:00,0.00016466,usd,btc
2018-06-24 00:00:00,0.000163,usd,btc
2018-06-25 00:00:00,0.0001616,usd,btc
2018-06-26 00:00:00,0.00016,usd,btc
2018-06-27 00:00:00,0.00016173,usd,btc
2018-06-28 00:00:00,0.00016321,usd,btc
2018-06-29 00:00:00,0.00016548,usd,btc
2018-06-30 00:00:00,0.00016958,usd,btc
2018-07-01 00:00:00,0.00015748,usd,btc
2018-07-02 00:00:00,0.00015726,usd,btc
2018-07-03 00:00:00,0.00015106,usd,btc
2018-07-04 00:00:00,0.00015135,usd,btc
2018-07-05 00:00:00,0.00014954,usd,btc
2018-07-06 00:00:00,0.00015366,usd,btc
2018-07-07 00:00:00,0.00015223,usd,btc
2018-07-08 00:00:00,0.00015321,usd,btc
2018-07-09 00:00:00,0.00014821,usd,btc
2018-07-10 00:00:00,0.00014932,usd,btc
2018-07-11 00:00:00,0.00015654,usd,btc
2018-07-12 00:00:00,0.00015733,usd,btc
2018-07-13 00:00:00,0.000162,usd,btc
2018-07-14 00:00:00,0.00016166,usd,btc
2018-07-15 00:00:00,0.00015941,usd,btc
2018-07-16 00:00:00,0.00015689,usd,btc
2018-07-17 00:00:00,0.00015008,usd,btc
2018-07-18 00:00:00,0.00013678,usd,btc
2018-07-19 00:00:00,0.00013631,usd,btc
2018-07-20 00:00:00,0.00013475,usd,btc
2018-07-21 00:00:00,0.00013604,usd,btc
2018-07-22 00:00:00,0.00013484,usd,btc
2018-07-23 00:00:00,0.00013298,usd,btc
2018-07-24 00:00:00,0.00012982,usd,btc
2018-07-25 00:00:00,0.00012155,usd,btc
2018-07-26 00:00:00,0.00012223,usd,btc
2018-07-27 00:00:00,0.00012288,usd,btc
2018-07-28 00:00:00,0.00012154,usd,btc
2018-07-29 00:00:00,0.00012241,usd,btc
2018-07-30 00:00:00,0.00012207,usd,btc
2018-07-31 00:00:00,0.00012267,usd,btc
2018-08-01 00:00:00,0.00012999,usd,btc
2018-08-02 00:00:00,0.00013364,usd,btc
2018-08-03 00:00:00,0.00013235,usd,btc
2018-08-04 00:00:00,0.00013534,usd,btc
2018-08-05 00:00:00,0.00014323,usd,btc
2018-08-06 00:00:00,0.00014186,usd,btc
2018-08-07 00:00:00,0.00014451,usd,btc
2018-08-08 00:00:00,0.00014548,usd,btc
2018-08-09 00:00:00,0.00015833,usd,btc
2018-08-10 00:00:00,0.00015366,usd,btc
2018-08-11 00:00:00,0.00016152,usd,btc
2018-08-12 00:00:00,0.00015581,usd,btc
2018-08-13 00:00:00,0.00015775,usd,btc
2018-08-14 00:00:00,0.00015931,usd,btc
2018-08-15 00:00:00,0.00016445,usd,btc
2018-08-16 00:00:00,0.00015681,usd,btc
2018-08-17 00:00:00,0.00015985,usd,btc
2018-08-18 00:00:00,0.00015442,usd,btc
2018-08-19 00:00:00,0.00015726,usd,btc
2018-08-20 00:00:00,0.0001534,usd,btc
2018-08-21 00:00:00,0.00015494,usd,btc
2018-08-22 00:00:00,0.00015499,usd,btc
2018-08-23 00:00:00,0.00015788,usd,btc
2018-08-24 00:00:00,0.00015579,usd,btc
2018-08-25 00:00:00,0.00015124,usd,btc
2018-08-26 00:00:00,0.00014883,usd,btc
2018-08-27 00:00:00,0.00014975,usd,btc
2018-08-28 00:00:00,0.00014879,usd,btc
2018-08-29 00:00:00,0.0001412,usd,btc
2018-08-30 00:00:00,0.00014207,usd,btc
2018-08-31 00:00:00,0.00014465,usd,btc
2018-09-01 00:00:00,0.00014198,usd,btc
2018-09-02 00:00:00,0.00013899,usd,btc
2018-09-03 00:00:00,0.00013732,usd,btc
2018-09-04 00:00:00,0.00013701,usd,btc
2018-09-05 00:00:00,0.00013581,usd,btc
2018-09-06 00:00:00,0.00014384,usd,btc
2018-09-07 00:00:00,0.00015518,usd,btc
2018-09-08 00:00:00,0.00015511,usd,btc
2018-09-09 00:00:00,0.000162,usd,btc
2018-09-10 00:00:00,0.00015657,usd,btc
2018-09-11 00:00:00,0.00015868,usd,btc
2018-09-12 00:00:00,0.00015992,usd,btc
2018-09-13 00:00:00,0.00015853,usd,btc
2018-09-14 00:00:00,0.00015463,usd,btc
2018-09-15 00:00:00,0.00015298,usd,btc
2018-09-16 00:00:00,0.00015309,usd,btc
2018-09-17 00:00:00,0.00015382,usd,btc
2018-09-18 00:00:00,0.0001608,usd,btc
2018-09-19 00:00:00,0.00015828,usd,btc
2018-09-20 00:00:00,0.00015564,usd,btc
2018-09-21 00:00:00,0.00015679,usd,btc
2018-09-22 00:00:00,0.00014888,usd,btc
2018-09-23 00:00:00,0.00014888,usd,btc
2018-09-24 00:00:00,0.00014977,usd,btc
2018-09-25 00:00:00,0.00015094,usd,btc
2018-09-26 00:00:00,0.00015657,usd,btc
2018-09-27 00:00:00,0.00015382,usd,btc
2018-09-28 00:00:00,0.00014934,usd,btc
2018-09-29 00:00:00,0.00015047,usd,btc
2018-09-30 00:00:00,0.00015195,usd,btc
2018-10-01 00:00:00,0.00015235,usd,btc
2018-10-02 00:00:00,0.00015253,usd,btc
2018-10-03 00:00:00,0.00015309,usd,btc
2018-10-04 00:00:00,0.00015509,usd,btc
2018-10-05 00:00:00,0.00015253,usd,btc
2018-10-06 00:00:00,0.00015265,usd,btc
2018-10-07 00:00:00,0.00015237,usd,btc
2018-10-08 00:00:00,0.00015284,usd,btc
2018-10-09 00:00:00,0.0001506,usd,btc
2018-10-10 00:00:00,0.00015161,usd,btc
2018-10-11 00:00:00,0.00015246,usd,btc
2018-10-12 00:00:00,0.00016057,usd,btc
2018-10-13 00:00:00,0.00016023,usd,btc
2018-10-14 00:00:00,0.00016075,usd,btc
2018-10-15 00:00:00,0.00015997,usd,btc
2018-10-16 00:00:00,0.00015458,usd,btc
2018-10-17 00:00:00,0.00015335,usd,btc
2018-10-18 00:00:00,0.00015363,usd,btc
2018-10-19 00:00:00,0.00015513,usd,btc
2018-10-20 00:00:00,0.00015584,usd,btc
2018-10-21 00:00:00,0.00015509,usd,btc
2018-10-22 00:00:00,0.00015425,usd,btc
2018-10-23 00:00:00,0.00015494,usd,btc
2018-10-24 00:00:00,0.00015542,usd,btc
2018-10-25 00:00:00,0.00015475,usd,btc
2018-10-26 00:00:00,0.00015538,usd,btc
2018-10-27 00:00:00,0.00015535,usd,btc
2018-10-28 00:00:00,0.00015564,usd,btc
2018-10-29 00:00:00,0.00015591,usd,btc
2018-10-30 00:00:00,0.00015962,usd,btc
2018-10-31 00:00:00,0.00015918,usd,btc
2018-11-01 00:00:00,0.00015825,usd,btc
2018-11-02 00:00:00,0.00015746,usd,btc
2018-11-03 00:00:00,0.00015696,usd,btc
2018-11-04 00:00:00,0.00015746,usd,btc
2018-11-05 00:00:00,0.0001555,usd,btc
2018-11-06 00:00:00,0.00015584,usd,btc
2018-11-07 00:00:00,0.00015533,usd,btc
2018-11-08 00:00:00,0.00015337,usd,btc
2018-11-09 00:00:00,0.00015528,usd,btc
2018-11-10 00:00:00,0.00015748,usd,btc
2018-11-11 00:00:00,0.00015662,usd,btc
2018-11-12 00:00:00,0.00015775,usd,btc
2018-11-13 00:00:00,0.00015775,usd,btc
2018-11-14 00:00:00,0.00015798,usd,btc
2018-11-15 00:00:00,0.00017762,usd,btc
2018-11-16 00:00:00,0.00018139,usd,btc
2018-11-17 00:00:00,0.00018235,usd,btc
2018-11-18 00:00:00,0.00018126,usd,btc
2018-11-19 00:00:00,0.0001795,usd,btc
2018-11-20 00:00:00,0.00020747,usd,btc
2018-11-21 00:00:00,0.00022805,usd,btc
2018-11-22 00:00:00,0.00022306,usd,btc
2018-11-23 00:00:00,0.00022437,usd,btc
2018-11-24 00:00:00,0.00023299,usd,btc
2018-11-25 00:00:00,0.00026096,usd,btc
2018-11-26 00:00:00,0.0002451,usd,btc
2018-11-27 00:00:00,0.00027071,usd,btc
2018-11-28 00:00:00,0.00026337,usd,btc
2018-11-29 00:00:00,0.00023518,usd,btc
2018-11-30 00:00:00,0.0002377,usd,btc
2018-12-01 00:00:00,0.00025368,usd,btc
2018-12-02 00:00:00,0.00023832,usd,btc
2018-12-03 00:00:00,0.00023958,usd,btc
2018-12-04 00:00:00,0.00025694,usd,btc
2018-12-05 00:00:00,0.00025491,usd,btc
2018-12-06 00:00:00,0.00026681,usd,btc
2018-12-07 00:00:00,0.00027563,usd,btc
2018-12-08 00:00:00,0.00029283,usd,btc
2018-12-09 00:00:00,0.00030266,usd,btc
2018-12-10 00:00:00,0.00028035,usd,btc
2018-12-11 00:00:00,0.00029061,usd,btc
2018-12-12 00:00:00,0.00029394,usd,btc
2018-12-13 00:00:00,0.00028769,usd,btc
2018-12-14 00:00:00,0.00030441,usd,btc
2018-12-15 00:00:00,0.00031368,usd,btc
2018-12-16 00:00:00,0.00030902,usd,btc
2018-12-17 00:00:00,0.00030864,usd,btc
2018-12-18 00:00:00,0.00028281,usd,btc
2018-12-19 00:00:00,0.00027972,usd,btc
2018-12-20 00:00:00,0.00026998,usd,btc
2018-12-21 00:00:00,0.00024777,usd,btc
2018-12-22 00:00:00,0.00025687,usd,btc
2018-12-23 00:00:00,0.00025432,usd,btc
2018-12-24 00:00:00,0.00025044,usd,btc
2018-12-25 00:00:00,0.0002439,usd,btc
2018-12-26 00:00:00,0.0002613,usd,btc
2018-12-27 00:00:00,0.00026233,usd,btc
2018-12-28 00:00:00,0.00027579,usd,btc
2018-12-29 00:00:00,0.00025394,usd,btc
2018-12-30 00:00:00,0.00025233,usd,btc
2018-12-31 00:00:00,0.00025913,usd,btc
2019-01-01 00:00:00,0.00026867,usd,btc
2019-01-02 00:00:00,0.00026546,usd,btc
2019-01-03 00:00:00,0.000254,usd,btc
2019-01-04 00:00:00,0.00026042,usd,btc
2019-01-05 00:00:00,0.00025786,usd,btc
2019-01-06 00:00:00,0.00025773,usd,btc
2019-01-07 00:00:00,0.00024558,usd,btc
2019-01-08 00:00:00,0.00024746,usd,btc
2019-01-09 00:00:00,0.00024789,usd,btc
2019-01-10 00:00:00,0.0002482,usd,btc
2019-01-11 00:00:00,0.00027285,usd,btc
2019-01-12 00:00:00,0.00027218,usd,btc
2019-01-13 00:00:00,0.00027352,usd,btc
2019-01-14 00:00:00,0.00028209,usd,btc
2019-01-15 00:00:00,0.00027078,usd,btc
2019-01-16 00:00:00,0.00027832,usd,btc
2019-01-17 00:00:00,0.00027601,usd,btc
2019-01-18 00:00:00,0.00027397,usd,btc
2019-01-19 00:00:00,0.00027518,usd,btc
2019-01-20 00:00:00,0.00026824,usd,btc
2019-01-21 00:00:00,0.00028129,usd,btc
2019-01-22 00:00:00,0.00028273,usd,btc
2019-01-23 00:00:00,0.00027824,usd,btc
2019-01-24 00:00:00,0.0002805,usd,btc
2019-01-25 00:00:00,0.00027809,usd,btc
2019-01-26 00:00:00,0.00027933,usd,btc
2019-01-27 00:00:00,0.0002791,usd,btc
2019-01-28 00:00:00,0.00028066,usd,btc
2019-01-29 00:00:00,0.00029053,usd,btc
2019-01-30 00:00:00,0.00029172,usd,btc
2019-01-31 00:00:00,0.00028877,usd,btc
2019-02-01 00:00:00,0.00029028,usd,btc
2019-02-02 00:00:00,0.00028727,usd,btc
2019-02-03 00:00:00,0.00028885,usd,btc
2019-02-04 00:00:00,0.00029223,usd,btc
2019-02-05 00:00:00,0.00029028,usd,btc
2019-02-06 00:00:00,0.00028986,usd,btc
2019-02-07 00:00:00,0.00029464,usd,btc
2019-02-08 00:00:00,0.00029551,usd,btc
2019-02-09 00:00:00,0.00027563,usd,btc
2019-02-10 00:00:00,0.00027375,usd,btc
2019-02-11 00:00:00,0.0002751,usd,btc
2019-02-12 00:00:00,0.00027601,usd,btc
2019-02-13 00:00:00,0.00027685,usd,btc
2019-02-14 00:00:00,0.0002777,usd,btc
2019-02-15 00:00:00,0.00027747,usd,btc
2019-02-16 00:00:00,0.00027785,usd,btc
2019-02-17 00:00:00,0.00027541,usd,btc
2019-02-18 00:00:00,0.00027601,usd,btc
2019-02-19 00:00:00,0.00025714,usd,btc
2019-02-20 00:00:00,0.0002551,usd,btc
2019-02-21 00:00:00,0.0002531,usd,btc
2019-02-22 00:00:00,0.00025413,usd,btc
2019-02-23 00:00:00,0.00025132,usd,btc
2019-02-24 00:00:00,0.00024143,usd,btc
2019-02-25 00:00:00,0.00026185,usd,btc
2019-02-26 00:00:00,0.00026015,usd,btc
2019-02-27 00:00:00,0.00026144,usd,btc
2019-02-28 00:00:00,0.00026448,usd,btc
2019-03-01 00:00:00,0.00026069,usd,btc
2019-03-02 00:00:00,0.00025867,usd,btc
2019-03-03 00:00:00,0.00026021,usd,btc
2019-03-04 00:00:00,0.00026151,usd,btc
2019-03-05 00:00:00,0.00026788,usd,btc
2019-03-06 00:00:00,0.00025853,usd,btc
2019-03-07 00:00:00,0.0002578,usd,btc
2019-03-08 00:00:00,0.00025595,usd,btc
2019-03-09 00:00:00,0.00025621,usd,btc
2019-03-10 00:00:00,0.00025478,usd,btc
2019-03-11 00:00:00,0.00025439,usd,btc
2019-03-12 00:00:00,0.0002578,usd,btc
2019-03-13 00:00:00,0.00025654,usd,btc
2019-03-14 00:00:00,0.0002574,usd,btc
2019-03-15 00:00:00,0.00025747,usd,btc
2019-03-16 00:00:00,0.00025426,usd,btc
2019-03-17 00:00:00,0.00024919,usd,btc
2019-03-18 00:00:00,0.00024938,usd,btc
2019-03-19 00:00:00,0.00024963,usd,btc
2019-03-20 00:00:00,0.00024832,usd,btc
2019-03-21 00:00:00,0.00024728,usd,btc
2019-03-22 00:00:00,0.00025019,usd,btc
2019-03-23 00:00:00,0.00025,usd,btc
2019-03-24 00:00:00,0.00025019,usd,btc
2019-03-25 00:00:00,0.00025119,usd,btc
2019-03-26 00:00:00,0.00025575,usd,btc
2019-03-27 00:00:00,0.00025407,usd,btc
2019-03-28 00:00:00,0.00024795,usd,btc
2019-03-29 00:00:00,0.00024771,usd,btc
2019-03-30 00:00:00,0.00024372,usd,btc
2019-03-31 00:00:00,0.00024361,usd,btc
2019-04-01 00:00:00,0.00024278,usd,btc
2019-04-02 00:00:00,0.00024108,usd,btc
2019-04-03 00:00:00,0.00020764,usd,btc
2019-04-04 00:00:00,0.00018904,usd,btc
2019-04-05 00:00:00,0.00020563,usd,btc
2019-04-06 00:00:00,0.0001992,usd,btc
2019-04-07 00:00:00,0.00019639,usd,btc
2019-04-08 00:00:00,0.00019369,usd,btc
2019-04-09 00:00:00,0.00018986,usd,btc
2019-04-10 00:00:00,0.00019113,usd,btc
2019-04-11 00:00:00,0.00018847,usd,btc
2019-04-12 00:00:00,0.00019767,usd,btc
2019-04-13 00:00:00,0.0001979,usd,btc
2019-04-14 00:00:00,0.00019631,usd,btc
2019-04-15 00:00:00,0.000196,usd,btc
2019-04-16 00:00:00,0.00019877,usd,btc
2019-04-17 00:00:00,0.00019242,usd,btc
2019-04-18 00:00:00,0.00019106,usd,btc
2019-04-19 00:00:00,0.00018818,usd,btc
2019-04-20 00:00:00,0.00018954,usd,btc
2019-04-21 00:00:00,0.00018776,usd,btc
2019-04-22 00:00:00,0.00019037,usd,btc
2019-04-23 00:00:00,0.00018584,usd,btc
2019-04-24 00:00:00,0.00017899,usd,btc
2019-04-25 00:00:00,0.00018352,usd,btc
2019-04-26 00:00:00,0.00018155,usd,btc
2019-04-27 00:00:00,0.00019272,usd,btc
2019-04-28 00:00:00,0.00018936,usd,btc
2019-04-29 00:00:00,0.00019095,usd,btc
2019-04-30 00:00:00,0.00019084,usd,btc
2019-05-01 00:00:00,0.00018688,usd,btc
2019-05-02 00:00:00,0.00018488,usd,btc
2019-05-03 00:00:00,0.00018116,usd,btc
2019-05-04 00:00:00,0.00017212,usd,btc
2019-05-05 00:00:00,0.00017247,usd,btc
2019-05-06 00:00:00,0.00017065,usd,btc
2019-05-07 00:00:00,0.00017215,usd,btc
2019-05-08 00:00:00,0.00016781,usd,btc
2019-05-09 00:00:00,0.00016697,usd,btc
2019-05-10 00:00:00,0.00016308,usd,btc
2019-05-11 00:00:00,0.00016308,usd,btc
2019-05-12 00:00:00,0.00013918,usd,btc
2019-05-13 00:00:00,0.00013963,usd,btc
2019-05-14 00:00:00,0.00012749,usd,btc
2019-05-15 00:00:00,0.0001295,usd,btc
2019-05-16 00:00:00,0.00012267,usd,btc
2019-05-17 00:00:00,0.00012905,usd,btc
2019-05-18 00:00:00,0.00014027,usd,btc
2019-05-19 00:00:00,0.0001371,usd,btc
2019-05-20 00:00:00,0.00012461,usd,btc
2019-05-21 00:00:00,0.00012525,usd,btc
2019-05-22 00:00:00,0.00012382,usd,btc
2019-05-23 00:00:00,0.00012765,usd,btc
2019-05-24 00:00:00,0.00012708,usd,btc
2019-05-25 00:00:00,0.0001233,usd,btc
2019-05-26 00:00:00,0.00012446,usd,btc
2019-05-27 00:00:00,0.00011598,usd,btc
2019-05-28 00:00:00,0.00011421,usd,btc
2019-05-29 00:00:00,0.00011493,usd,btc
2019-05-30 00:00:00,0.00011554,usd,btc
2019-05-31 00:00:00,0.00011827,usd,btc
2019-06-01 00:00:00,0.00011763,usd,btc
2019-06-02 00:00:00,0.00011707,usd,btc
2019-06-03 00:00:00,0.00011511,usd,btc
2019-06-04 00:00:00,0.00011697,usd,btc
2019-06-05 00:00:00,0.0001305,usd,btc
2019-06-06 00:00:00,0.00012908,usd,btc
2019-06-07 00:00:00,0.00013001,usd,btc
2019-06-08 00:00:00,0.00012663,usd,btc
2019-06-09 00:00:00,0.00012698,usd,btc
2019-06-10 00:00:00,0.00012952,usd,btc
2019-06-11 00:00:00,0.00012587,usd,btc
2019-06-12 00:00:00,0.0001262,usd,btc
2019-06-13 00:00:00,0.00012317,usd,btc
2019-06-14 00:00:00,0.00012102,usd,btc
2019-06-15 00:00:00,0.00011836,usd,btc
2019-06-16 00:00:00,0.00011364,usd,btc
2019-06-17 00:00:00,0.00011181,usd,btc
2019-06-18 00:00:00,0.00010772,usd,btc
2019-06-19 00:00:00,0.00010951,usd,btc
2019-06-20 00:00:00,0.000109,usd,btc
2019-06-21 00:00:00,0.00010454,usd,btc
2019-06-22 00:00:00,0.00010062,usd,btc
2019-06-23 00:00:00,9.397e-05,usd,btc
2019-06-24 00:00:00,9.039e-05,usd,btc
2019-06-25 00:00:00,9.193e-05,usd,btc
2019-06-26 00:00:00,8.787e-05,usd,btc
2019-06-27 00:00:00,7.849e-05,usd,btc
2019-06-28 00:00:00,9.363e-05,usd,btc
2019-06-29 00:00:00,8.193e-05,usd,btc
2019-06-30 00:00:00,8.222e-05,usd,btc
2019-07-01 00:00:00,8.762e-05,usd,btc
2019-07-02 00:00:00,9.543e-05,usd,btc
2019-07-03 00:00:00,9.32e-05,usd,btc
2019-07-04 00:00:00,8.787e-05,usd,btc
2019-07-05 00:00:00,8.531e-05,usd,btc
2019-07-06 00:00:00,9.053e-05,usd,btc
2019-07-07 00:00:00,8.717e-05,usd,btc
2019-07-08 00:00:00,8.686e-05,usd,btc
2019-07-09 00:00:00,8.189e-05,usd,btc
2019-07-10 00:00:00,8.072e-05,usd,btc
2019-07-11 00:00:00,8.491e-05,usd,btc
2019-07-12 00:00:00,8.959e-05,usd,btc
2019-07-13 00:00:00,8.403e-05,usd,btc
2019-07-14 00:00:00,9.168e-05,usd,btc
2019-07-15 00:00:00,9.399e-05,usd,btc
2019-07-16 00:00:00,9.255e-05,usd,btc
2019-07-17 00:00:00,0.00010426,usd,btc
2019-07-18 00:00:00,0.00010318,usd,btc
2019-07-19 00:00:00,9.422e-05,usd,btc
2019-07-20 00:00:00,9.507e-05,usd,btc
2019-07-21 00:00:00,9.147e-05,usd,btc
2019-07-22 00:00:00,9.52e-05,usd,btc
2019-07-23 00:00:00,9.687e-05,usd,btc
2019-07-24 00:00:00,9.857e-05,usd,btc
2019-07-25 00:00:00,0.00010335,usd,btc
2019-07-26 00:00:00,0.00010127,usd,btc
2019-07-27 00:00:00,0.00010171,usd,btc
2019-07-28 00:00:00,0.00010589,usd,btc
2019-07-29 00:00:00,0.00010513,usd,btc
2019-07-30 00:00:00,0.00010509,usd,btc
2019-07-31 00:00:00,0.0001049,usd,btc
2019-08-01 00:00:00,9.971e-05,usd,btc
2019-08-02 00:00:00,9.602e-05,usd,btc
2019-08-03 00:00:00,9.613e-05,usd,btc
2019-08-04 00:00:00,9.184e-05,usd,btc
2019-08-05 00:00:00,9.138e-05,usd,btc
2019-08-06 00:00:00,8.529e-05,usd,btc
2019-08-07 00:00:00,8.584e-05,usd,btc
2019-08-08 00:00:00,8.426e-05,usd,btc
2019-08-09 00:00:00,8.609e-05,usd,btc
2019-08-10 00:00:00,8.419e-05,usd,btc
2019-08-11 00:00:00,8.833e-05,usd,btc
2019-08-12 00:00:00,8.758e-05,usd,btc
2019-08-13 00:00:00,8.75e-05,usd,btc
2019-08-14 00:00:00,9.184e-05,usd,btc
2019-08-15 00:00:00,9.826e-05,usd,btc
2019-08-16 00:00:00,9.634e-05,usd,btc
2019-08-17 00:00:00,9.617e-05,usd,btc
2019-08-18 00:00:00,9.921e-05,usd,btc
2019-08-19 00:00:00,9.643e-05,usd,btc
2019-08-20 00:00:00,9.359e-05,usd,btc
2019-08-21 00:00:00,9.34e-05,usd,btc
2019-08-22 00:00:00,9.846e-05,usd,btc
2019-08-23 00:00:00,9.817e-05,usd,btc
2019-08-24 00:00:00,9.648e-05,usd,btc
2019-08-25 00:00:00,9.896e-05,usd,btc
2019-08-26 00:00:00,9.999e-05,usd,btc
2019-08-27 00:00:00,9.737e-05,usd,btc
2019-08-28 00:00:00,9.858e-05,usd,btc
2019-08-29 00:00:00,0.00010339,usd,btc
2019-08-30 00:00:00,0.00010493,usd,btc
2019-08-31 00:00:00,0.00010379,usd,btc
2019-09-01 00:00:00,0.00010521,usd,btc
2019-09-02 00:00:00,0.00010369,usd,btc
2019-09-03 00:00:00,9.609e-05,usd,btc
2019-09-04 00:00:00,9.334e-05,usd,btc
2019-09-05 00:00:00,9.408e-05,usd,btc
2019-09-06 00:00:00,9.506e-05,usd,btc
2019-09-07 00:00:00,9.654e-05,usd,btc
2019-09-08 00:00:00,9.504e-05,usd,btc
2019-09-09 00:00:00,9.643e-05,usd,btc
2019-09-10 00:00:00,9.767e-05,usd,btc
2019-09-11 00:00:00,9.941e-05,usd,btc
2019-09-12 00:00:00,9.893e-05,usd,btc
2019-09-13 00:00:00,9.674e-05,usd,btc
2019-09-14 00:00:00,9.739e-05,usd,btc
2019-09-15 00:00:00,9.592e-05,usd,btc
2019-09-16 00:00:00,9.724e-05,usd,btc
2019-09-17 00:00:00,9.782e-05,usd,btc
2019-09-18 00:00:00,9.747e-05,usd,btc
2019-09-19 00:00:00,9.802e-05,usd,btc
2019-09-20 00:00:00,9.74e-05,usd,btc
2019-09-21 00:00:00,9.857e-05,usd,btc
2019-09-22 00:00:00,0.00010028,usd,btc
2019-09-23 00:00:00,9.984e-05,usd,btc
2019-09-24 00:00:00,0.00010213,usd,btc
2019-09-25 00:00:00,0.00011643,usd,btc
2019-09-26 00:00:00,0.00011732,usd,btc
2019-09-27 00:00:00,0.0001234,usd,btc
2019-09-28 00:00:00,0.00012385,usd,btc
2019-09-29 00:00:00,0.00012222,usd,btc
2019-09-30 00:00:00,0.00012466,usd,btc
2019-10-01 00:00:00,0.00012127,usd,btc
2019-10-02 00:00:00,0.0001193,usd,btc
2019-10-03 00:00:00,0.00012129,usd,btc
2019-10-04 00:00:00,0.00012259,usd,btc
2019-10-05 00:00:00,0.00012229,usd,btc
2019-10-06 00:00:00,0.0001233,usd,btc
2019-10-07 00:00:00,0.00012641,usd,btc
2019-10-08 00:00:00,0.0001216,usd,btc
2019-10-09 00:00:00,0.0001229,usd,btc
2019-10-10 00:00:00,0.00011629,usd,btc
2019-10-11 00:00:00,0.00011651,usd,btc
2019-10-12 00:00:00,0.00011982,usd,btc
2019-10-13 00:00:00,0.00011973,usd,btc
2019-10-14 00:00:00,0.00012099,usd,btc
2019-10-15 00:00:00,0.00011977,usd,btc
2019-10-16 00:00:00,0.00012259,usd,btc
2019-10-17 00:00:00,0.00012508,usd,btc
2019-10-18 00:00:00,0.00012416,usd,btc
2019-10-19 00:00:00,0.00012571,usd,btc
2019-10-20 00:00:00,0.00012563,usd,btc
2019-10-21 00:00:00,0.00012139,usd,btc
2019-10-22 00:00:00,0.00012179,usd,btc
2019-10-23 00:00:00,0.0001229,usd,btc
2019-10-24 00:00:00,0.0001334,usd,btc
2019-10-25 00:00:00,0.00013398,usd,btc
2019-10-26 00:00:00,0.00011658,usd,btc
2019-10-27 00:00:00,0.00010951,usd,btc
2019-10-28 00:00:00,0.00010405,usd,btc
2019-10-29 00:00:00,0.0001057,usd,btc
2019-10-30 00:00:00,0.00010579,usd,btc
2019-10-31 00:00:00,0.00010879,usd,btc
2019-11-01 00:00:00,0.00010893,usd,btc
2019-11-02 00:00:00,0.00010842,usd,btc
2019-11-03 00:00:00,0.00010727,usd,btc
2019-11-04 00:00:00,0.00010916,usd,btc
2019-11-05 00:00:00,0.00010585,usd,btc
2019-11-06 00:00:00,0.00010684,usd,btc
2019-11-07 00:00:00,0.00010732,usd,btc
2019-11-08 00:00:00,0.00010857,usd,btc
2019-11-09 00:00:00,0.00011278,usd,btc
2019-11-10 00:00:00,0.00011357,usd,btc
2019-11-11 00:00:00,0.00011047,usd,btc
2019-11-12 00:00:00,0.00011436,usd,btc
2019-11-13 00:00:00,0.000114,usd,btc
2019-11-14 00:00:00,0.00011405,usd,btc
2019-11-15 00:00:00,0.00011547,usd,btc
2019-11-16 00:00:00,0.00011819,usd,btc
2019-11-17 00:00:00,0.00011773,usd,btc
2019-11-18 00:00:00,0.00011675,usd,btc
2019-11-19 00:00:00,0.00012149,usd,btc
2019-11-20 00:00:00,0.00012309,usd,btc
2019-11-21 00:00:00,0.00012343,usd,btc
2019-11-22 00:00:00,0.00013129,usd,btc
2019-11-23 00:00:00,0.00013615,usd,btc
2019-11-24 00:00:00,0.00013708,usd,btc
2019-11-25 00:00:00,0.00014152,usd,btc
2019-11-26 00:00:00,0.0001382,usd,btc
2019-11-27 00:00:00,0.00014037,usd,btc
2019-11-28 00:00:00,0.00013231,usd,btc
2019-11-29 00:00:00,0.00013196,usd,btc
2019-11-30 00:00:00,0.00012952,usd,btc
2019-12-01 00:00:00,0.00013228,usd,btc
2019-12-02 00:00:00,0.00013526,usd,btc
2019-12-03 00:00:00,0.00013641,usd,btc
2019-12-04 00:00:00,0.0001362,usd,btc
2019-12-05 00:00:00,0.000139,usd,btc
2019-12-06 00:00:00,0.00013532,usd,btc
2019-12-07 00:00:00,0.00013362,usd,btc
2019-12-08 00:00:00,0.00013316,usd,btc
2019-12-09 00:00:00,0.00013221,usd,btc
2019-12-10 00:00:00,0.00013567,usd,btc
2019-12-11 00:00:00,0.00013824,usd,btc
2019-12-12 00:00:00,0.00013881,usd,btc
2019-12-13 00:00:00,0.00013866,usd,btc
2019-12-14 00:00:00,0.00013789,usd,btc
2019-12-15 00:00:00,0.000141,usd,btc
2019-12-16 00:00:00,0.00014019,usd,btc
2019-12-17 00:00:00,0.0001451,usd,btc
2019-12-18 00:00:00,0.00015076,usd,btc
2019-12-19 00:00:00,0.00013998,usd,btc
2019-12-20 00:00:00,0.00013949,usd,btc
2019-12-21 00:00:00,0.00013872,usd,btc
2019-12-22 00:00:00,0.00013996,usd,btc
2019-12-23 00:00:00,0.00013477,usd,btc
2019-12-24 00:00:00,0.00013646,usd,btc
2019-12-25 00:00:00,0.00013784,usd,btc
2019-12-26 00:00:00,0.00013854,usd,btc
2019-12-27 00:00:00,0.00013873,usd,btc
2019-12-28 00:00:00,0.00013822,usd,btc
2019-12-29 00:00:00,0.00013635,usd,btc
2019-12-30 00:00:00,0.0001351,usd,btc
2019-12-31 00:00:00,0.00013785,usd,btc
2020-01-01 00:00:00,0.00013945,usd,btc
2020-01-02 00:00:00,0.00013833,usd,btc
2020-01-03 00:00:00,0.00014337,usd,btc
2020-01-04 00:00:00,0.00013734,usd,btc
2020-01-05 00:00:00,0.00013607,usd,btc
2020-01-06 00:00:00,0.00013569,usd,btc
2020-01-07 00:00:00,0.00013194,usd,btc
2020-01-08 00:00:00,0.00012469,usd,btc
2020-01-09 00:00:00,0.00012494,usd,btc
2020-01-10 00:00:00,0.00012842,usd,btc
2020-01-11 00:00:00,0.00012416,usd,btc
2020-01-12 00:00:00,0.00012343,usd,btc
2020-01-13 00:00:00,0.00012346,usd,btc
2020-01-14 00:00:00,0.00012296,usd,btc
2020-01-15 00:00:00,0.00011452,usd,btc
2020-01-16 00:00:00,0.00011343,usd,btc
2020-01-17 00:00:00,0.00011518,usd,btc
2020-01-18 00:00:00,0.00011238,usd,btc
2020-01-19 00:00:00,0.00011223,usd,btc
2020-01-20 00:00:00,0.00011471,usd,btc
2020-01-21 00:00:00,0.00011538,usd,btc
2020-01-22 00:00:00,0.00011464,usd,btc
2020-01-23 00:00:00,0.00011573,usd,btc
2020-01-24 00:00:00,0.00011918,usd,btc
2020-01-25 00:00:00,0.00011763,usd,btc
2020-01-26 00:00:00,0.00011937,usd,btc
2020-01-27 00:00:00,0.0001164,usd,btc
2020-01-28 00:00:00,0.00011168,usd,btc
2020-01-29 00:00:00,0.00011049,usd,btc
2020-01-30 00:00:00,0.00010681,usd,btc
2020-01-31 00:00:00,0.00010472,usd,btc
2020-02-01 00:00:00,0.00010681,usd,btc
2020-02-02 00:00:00,0.00010671,usd,btc
2020-02-03 00:00:00,0.00010582,usd,btc
2020-02-04 00:00:00,0.00010775,usd,btc
2020-02-05 00:00:00,0.00010929,usd,btc
2020-02-06 00:00:00,0.00010317,usd,btc
2020-02-07 00:00:00,0.00010275,usd,btc
2020-02-08 00:00:00,0.00010267,usd,btc
2020-02-09 00:00:00,0.00010077,usd,btc
2020-02-10 00:00:00,9.928e-05,usd,btc
2020-02-11 00:00:00,0.00010137,usd,btc
2020-02-12 00:00:00,9.78e-05,usd,btc
2020-02-13 00:00:00,9.629e-05,usd,btc
2020-02-14 00:00:00,9.823e-05,usd,btc
2020-02-15 00:00:00,9.672e-05,usd,btc
2020-02-16 00:00:00,0.0001008,usd,btc
2020-02-17 00:00:00,0.00010229,usd,btc
2020-02-18 00:00:00,0.00010359,usd,btc
2020-02-19 00:00:00,9.868e-05,usd,btc
2020-02-20 00:00:00,0.00010418,usd,btc
2020-02-21 00:00:00,0.00010403,usd,btc
2020-02-22 00:00:00,0.00010344,usd,btc
2020-02-23 00:00:00,0.00010317,usd,btc
2020-02-24 00:00:00,0.00010115,usd,btc
2020-02-25 00:00:00,0.00010409,usd,btc
2020-02-26 00:00:00,0.00010648,usd,btc
2020-02-27 00:00:00,0.00011423,usd,btc
2020-02-28 00:00:00,0.00011416,usd,btc
2020-02-29 00:00:00,0.00011526,usd,btc
2020-03-01 00:00:00,0.00011573,usd,btc
2020-03-02 00:00:00,0.00011732,usd,btc
2020-03-03 00:00:00,0.00011171,usd,btc
2020-03-04 00:00:00,0.0001143,usd,btc
2020-03-05 00:00:00,0.0001144,usd,btc
2020-03-06 00:00:00,0.00010961,usd,btc
2020-03-07 00:00:00,0.00010935,usd,btc
2020-03-08 00:00:00,0.00011237,usd,btc
2020-03-09 00:00:00,0.0001207,usd,btc
2020-03-10 00:00:00,0.00012723,usd,btc
2020-03-11 00:00:00,0.00012489,usd,btc
2020-03-12 00:00:00,0.00012703,usd,btc
2020-03-13 00:00:00,0.000174,usd,btc
2020-03-14 00:00:00,0.00018396,usd,btc
2020-03-15 00:00:00,0.00018678,usd,btc
2020-03-16 00:00:00,0.00019275,usd,btc
2020-03-17 00:00:00,0.00020392,usd,btc
2020-03-18 00:00:00,0.00018268,usd,btc
2020-03-19 00:00:00,0.0001873,usd,btc
2020-03-20 00:00:00,0.00016023,usd,btc
2020-03-21 00:00:00,0.00016767,usd,btc
2020-03-22 00:00:00,0.00015783,usd,btc
2020-03-23 00:00:00,0.00016852,usd,btc
2020-03-24 00:00:00,0.00015593,usd,btc
2020-03-25 00:00:00,0.00014813,usd,btc
2020-03-26 00:00:00,0.00015156,usd,btc
2020-03-27 00:00:00,0.00014839,usd,btc
2020-03-28 00:00:00,0.00014968,usd,btc
2020-03-29 00:00:00,0.00015967,usd,btc
2020-03-30 00:00:00,0.00016793,usd,btc
2020-03-31 00:00:00,0.00015437,usd,btc
2020-04-01 00:00:00,0.00015427,usd,btc
2020-04-02 00:00:00,0.00015731,usd,btc
2020-04-03 00:00:00,0.00014635,usd,btc
2020-04-04 00:00:00,0.00014916,usd,btc
2020-04-05 00:00:00,0.0001459,usd,btc
2020-04-06 00:00:00,0.00014789,usd,btc
2020-04-07 00:00:00,0.00013702,usd,btc
2020-04-08 00:00:00,0.00013587,usd,btc
2020-04-09 00:00:00,0.00013622,usd,btc
2020-04-10 00:00:00,0.00013671,usd,btc
2020-04-11 00:00:00,0.00014472,usd,btc
2020-04-12 00:00:00,0.00014676,usd,btc
2020-04-13 00:00:00,0.00014,usd,btc
2020-04-14 00:00:00,0.00014786,usd,btc
2020-04-15 00:00:00,0.00014552,usd,btc
2020-04-16 00:00:00,0.00014802,usd,btc
2020-04-17 00:00:00,0.00014192,usd,btc
2020-04-18 00:00:00,0.0001411,usd,btc
2020-04-19 00:00:00,0.00013845,usd,btc
2020-04-20 00:00:00,0.00013984,usd,btc
2020-04-21 00:00:00,0.00014499,usd,btc
2020-04-22 00:00:00,0.00014584,usd,btc
2020-04-23 00:00:00,0.0001401,usd,btc
2020-04-24 00:00:00,0.00013233,usd,btc
2020-04-25 00:00:00,0.00013328,usd,btc
2020-04-26 00:00:00,0.00013158,usd,btc
2020-04-27 00:00:00,0.00013153,usd,btc
2020-04-28 00:00:00,0.00012967,usd,btc
2020-04-29 00:00:00,0.00012912,usd,btc
2020-04-30 00:00:00,0.00011213,usd,btc
2020-05-01 00:00:00,0.00011315,usd,btc
2020-05-02 00:00:00,0.0001144,usd,btc
2020-05-03 00:00:00,0.00011178,usd,btc
2020-05-04 00:00:00,0.00011296,usd,btc
2020-05-05 00:00:00,0.00011198,usd,btc
2020-05-06 00:00:00,0.00011161,usd,btc
2020-05-07 00:00:00,0.0001081,usd,btc
2020-05-08 00:00:00,0.00010217,usd,btc
2020-05-09 00:00:00,0.00010006,usd,btc
2020-05-10 00:00:00,0.00010346,usd,btc
2020-05-11 00:00:00,0.00011504,usd,btc
2020-05-12 00:00:00,0.00011579,usd,btc
2020-05-13 00:00:00,0.00011324,usd,btc
2020-05-14 00:00:00,0.00010739,usd,btc
2020-05-15 00:00:00,0.00010356,usd,btc
2020-05-16 00:00:00,0.0001084,usd,btc
2020-05-17 00:00:00,0.00010663,usd,btc
2020-05-18 00:00:00,0.00010266,usd,btc
2020-05-19 00:00:00,0.00010326,usd,btc
2020-05-20 00:00:00,0.00010311,usd,btc
2020-05-21 00:00:00,0.00010425,usd,btc
2020-05-22 00:00:00,0.00011019,usd,btc
2020-05-23 00:00:00,0.0001088,usd,btc
2020-05-24 00:00:00,0.00010828,usd,btc
2020-05-25 00:00:00,0.00011104,usd,btc
2020-05-26 00:00:00,0.00011215,usd,btc
2020-05-27 00:00:00,0.00011278,usd,btc
2020-05-28 00:00:00,0.00010911,usd,btc
2020-05-29 00:00:00,0.00010581,usd,btc
2020-05-30 00:00:00,0.00010619,usd,btc
2020-05-31 00:00:00,0.00010594,usd,btc
2020-06-01 00:00:00,0.00010522,usd,btc
2020-06-02 00:00:00,0.0001034,usd,btc
2020-06-03 00:00:00,0.00010494,usd,btc
2020-06-04 00:00:00,0.00010432,usd,btc
2020-06-05 00:00:00,0.00010219,usd,btc
2020-06-06 00:00:00,0.00010293,usd,btc
2020-06-07 00:00:00,0.00010301,usd,btc
2020-06-08 00:00:00,0.00010276,usd,btc
2020-06-09 00:00:00,0.000103,usd,btc
2020-06-10 00:00:00,0.00010249,usd,btc
2020-06-11 00:00:00,0.00010132,usd,btc
2020-06-12 00:00:00,0.00010703,usd,btc
2020-06-13 00:00:00,0.00010574,usd,btc
2020-06-14 00:00:00,0.00010629,usd,btc
2020-06-15 00:00:00,0.00010656,usd,btc
2020-06-16 00:00:00,0.00010545,usd,btc
2020-06-17 00:00:00,0.00010527,usd,btc
2020-06-18 00:00:00,0.00010669,usd,btc
2020-06-19 00:00:00,0.00010696,usd,btc
2020-06-20 00:00:00,0.00010733,usd,btc
2020-06-21 00:00:00,0.00010731,usd,btc
2020-06-22 00:00:00,0.00010738,usd,btc
2020-06-23 00:00:00,0.00010373,usd,btc
2020-06-24 00:00:00,0.00010379,usd,btc
2020-06-25 00:00:00,0.00010757,usd,btc
2020-06-26 00:00:00,0.00010779,usd,btc
2020-06-27 00:00:00,0.00010868,usd,btc
2020-06-28 00:00:00,0.00011164,usd,btc
2020-06-29 00:00:00,0.00010976,usd,btc
2020-06-30 00:00:00,0.00010894,usd,btc
2020-07-01 00:00:00,0.00010929,usd,btc
2020-07-02 00:00:00,0.00010819,usd,btc
2020-07-03 00:00:00,0.00011005,usd,btc
2020-07-04 00:00:00,0.00010993,usd,btc
2020-07-05 00:00:00,0.00010952,usd,btc
2020-07-06 00:00:00,0.00011084,usd,btc
2020-07-07 00:00:00,0.00010777,usd,btc
2020-07-08 00:00:00,0.00010801,usd,btc
2020-07-09 00:00:00,0.00010599,usd,btc
2020-07-10 00:00:00,0.00010818,usd,btc
2020-07-11 00:00:00,0.00010826,usd,btc
2020-07-12 00:00:00,0.00010841,usd,btc
2020-07-13 00:00:00,0.00010824,usd,btc
2020-07-14 00:00:00,0.00010804,usd,btc
2020-07-15 00:00:00,0.00010785,usd,btc
2020-07-16 00:00:00,0.00010851,usd,btc
2020-07-17 00:00:00,0.00010984,usd,btc
2020-07-18 00:00:00,0.00010918,usd,btc
2020-07-19 00:00:00,0.00010887,usd,btc
2020-07-20 00:00:00,0.00010898,usd,btc
2020-07-21 00:00:00,0.00010896,usd,btc
2020-07-22 00:00:00,0.00010659,usd,btc
2020-07-23 00:00:00,0.00010661,usd,btc
2020-07-24 00:00:00,0.00010423,usd,btc
2020-07-25 00:00:00,0.00010385,usd,btc
2020-07-26 00:00:00,0.00010279,usd,btc
2020-07-27 00:00:00,0.00010108,usd,btc
2020-07-28 00:00:00,9.184e-05,usd,btc
2020-07-29 00:00:00,9.106e-05,usd,btc
2020-07-30 00:00:00,8.913e-05,usd,btc
2020-07-31 00:00:00,8.967e-05,usd,btc
2020-08-01 00:00:00,8.804e-05,usd,btc
2020-08-02 00:00:00,8.45e-05,usd,btc
2020-08-03 00:00:00,9.011e-05,usd,btc
2020-08-04 00:00:00,8.782e-05,usd,btc
2020-08-05 00:00:00,8.916e-05,usd,btc
2020-08-06 00:00:00,8.553e-05,usd,btc
2020-08-07 00:00:00,8.436e-05,usd,btc
2020-08-08 00:00:00,8.635e-05,usd,btc
2020-08-09 00:00:00,8.536e-05,usd,btc
2020-08-10 00:00:00,8.561e-05,usd,btc
2020-08-11 00:00:00,8.424e-05,usd,btc
2020-08-12 00:00:00,8.898e-05,usd,btc
2020-08-13 00:00:00,8.639e-05,usd,btc
2020-08-14 00:00:00,8.605e-05,usd,btc
2020-08-15 00:00:00,8.491e-05,usd,btc
2020-08-16 00:00:00,8.42e-05,usd,btc
2020-08-17 00:00:00,8.434e-05,usd,btc
2020-08-18 00:00:00,8.11e-05,usd,btc
2020-08-19 00:00:00,8.309e-05,usd,btc
2020-08-20 00:00:00,8.523e-05,usd,btc
2020-08-21 00:00:00,8.424e-05,usd,btc
2020-08-22 00:00:00,8.602e-05,usd,btc
2020-08-23 00:00:00,8.609e-05,usd,btc
2020-08-24 00:00:00,8.566e-05,usd,btc
2020-08-25 00:00:00,8.516e-05,usd,btc
2020-08-26 00:00:00,8.869e-05,usd,btc
2020-08-27 00:00:00,8.696e-05,usd,btc
2020-08-28 00:00:00,8.872e-05,usd,btc
2020-08-29 00:00:00,8.696e-05,usd,btc
2020-08-30 00:00:00,8.675e-05,usd,btc
2020-08-31 00:00:00,8.589e-05,usd,btc
2020-09-01 00:00:00,8.558e-05,usd,btc
2020-09-02 00:00:00,8.317e-05,usd,btc
2020-09-03 00:00:00,8.794e-05,usd,btc
2020-09-04 00:00:00,9.265e-05,usd,btc
2020-09-05 00:00:00,9.425e-05,usd,btc
2020-09-06 00:00:00,9.889e-05,usd,btc
2020-09-07 00:00:00,9.763e-05,usd,btc
2020-09-08 00:00:00,9.86e-05,usd,btc
2020-09-09 00:00:00,9.973e-05,usd,btc
2020-09-10 00:00:00,9.742e-05,usd,btc
2020-09-11 00:00:00,9.701e-05,usd,btc
2020-09-12 00:00:00,9.681e-05,usd,btc
2020-09-13 00:00:00,9.573e-05,usd,btc
2020-09-14 00:00:00,9.686e-05,usd,btc
2020-09-15 00:00:00,9.348e-05,usd,btc
2020-09-16 00:00:00,9.2e-05,usd,btc
2020-09-17 00:00:00,9.091e-05,usd,btc
2020-09-18 00:00:00,9.142e-05,usd,btc
2020-09-19 00:00:00,9.174e-05,usd,btc
2020-09-20 00:00:00,9.015e-05,usd,btc
2020-09-21 00:00:00,9.21e-05,usd,btc
2020-09-22 00:00:00,9.543e-05,usd,btc
2020-09-23 00:00:00,9.505e-05,usd,btc
2020-09-24 00:00:00,9.789e-05,usd,btc
2020-09-25 00:00:00,9.413e-05,usd,btc
2020-09-26 00:00:00,9.334e-05,usd,btc
2020-09-27 00:00:00,9.327e-05,usd,btc
2020-09-28 00:00:00,9.322e-05,usd,btc
2020-09-29 00:00:00,9.199e-05,usd,btc
2020-09-30 00:00:00,9.293e-05,usd,btc
2020-10-01 00:00:00,9.34e-05,usd,btc
2020-10-02 00:00:00,9.422e-05,usd,btc
2020-10-03 00:00:00,9.488e-05,usd,btc
2020-10-04 00:00:00,9.452e-05,usd,btc
2020-10-05 00:00:00,9.388e-05,usd,btc
2020-10-06 00:00:00,9.311e-05,usd,btc
2020-10-07 00:00:00,9.472e-05,usd,btc
2020-10-08 00:00:00,9.379e-05,usd,btc
2020-10-09 00:00:00,9.179e-05,usd,btc
2020-10-10 00:00:00,9.057e-05,usd,btc
2020-10-11 00:00:00,8.794e-05,usd,btc
2020-10-12 00:00:00,8.817e-05,usd,btc
2020-10-13 00:00:00,8.648e-05,usd,btc
2020-10-14 00:00:00,8.744e-05,usd,btc
2020-10-15 00:00:00,8.773e-05,usd,btc
2020-10-16 00:00:00,8.652e-05,usd,btc
2020-10-17 00:00:00,8.835e-05,usd,btc
2020-10-18 00:00:00,8.805e-05,usd,btc
2020-10-19 00:00:00,8.736e-05,usd,btc
2020-10-20 00:00:00,8.524e-05,usd,btc
2020-10-21 00:00:00,8.401e-05,usd,btc
2020-10-22 00:00:00,7.778e-05,usd,btc
2020-10-23 00:00:00,7.617e-05,usd,btc
2020-10-24 00:00:00,7.727e-05,usd,btc
2020-10-25 00:00:00,7.632e-05,usd,btc
2020-10-26 00:00:00,7.67e-05,usd,btc
2020-10-27 00:00:00,7.678e-05,usd,btc
2020-10-28 00:00:00,7.343e-05,usd,btc
2020-10-29 00:00:00,7.571e-05,usd,btc
2020-10-30 00:00:00,7.416e-05,usd,btc
2020-10-31 00:00:00,7.329e-05,usd,btc
2020-11-01 00:00:00,7.222e-05,usd,btc
2020-11-02 00:00:00,7.238e-05,usd,btc
2020-11-03 00:00:00,7.343e-05,usd,btc
2020-11-04 00:00:00,7.282e-05,usd,btc
2020-11-05 00:00:00,7.14e-05,usd,btc
2020-11-06 00:00:00,6.56e-05,usd,btc
2020-11-07 00:00:00,6.431e-05,usd,btc
2020-11-08 00:00:00,6.736e-05,usd,btc
2020-11-09 00:00:00,6.522e-05,usd,btc
2020-11-10 00:00:00,6.497e-05,usd,btc
2020-11-11 00:00:00,6.496e-05,usd,btc
2020-11-12 00:00:00,6.33e-05,usd,btc
2020-11-13 00:00:00,6.19e-05,usd,btc
2020-11-14 00:00:00,6.14e-05,usd,btc
2020-11-15 00:00:00,6.252e-05,usd,btc
2020-11-16 00:00:00,6.306e-05,usd,btc
2020-11-17 00:00:00,5.982e-05,usd,btc
2020-11-18 00:00:00,5.671e-05,usd,btc
2020-11-19 00:00:00,5.624e-05,usd,btc
2020-11-20 00:00:00,5.574e-05,usd,btc
2020-11-21 00:00:00,5.38e-05,usd,btc
2020-11-22 00:00:00,5.366e-05,usd,btc
2020-11-23 00:00:00,5.381e-05,usd,btc
2020-11-24 00:00:00,5.429e-05,usd,btc
2020-11-25 00:00:00,5.28e-05,usd,btc
2020-11-26 00:00:00,5.303e-05,usd,btc
2020-11-27 00:00:00,5.84e-05,usd,btc
2020-11-28 00:00:00,5.87e-05,usd,btc
2020-11-29 00:00:00,5.629e-05,usd,btc
2020-11-30 00:00:00,5.474e-05,usd,btc
2020-12-01 00:00:00,5.16e-05,usd,btc
2020-12-02 00:00:00,5.239e-05,usd,btc
2020-12-03 00:00:00,5.219e-05,usd,btc
2020-12-04 00:00:00,5.137e-05,usd,btc
2020-12-05 00:00:00,5.311e-05,usd,btc
2020-12-06 00:00:00,5.258e-05,usd,btc
2020-12-07 00:00:00,5.195e-05,usd,btc
2020-12-08 00:00:00,5.239e-05,usd,btc
2020-12-09 00:00:00,5.326e-05,usd,btc
2020-12-10 00:00:00,5.391e-05,usd,btc
2020-12-11 00:00:00,5.449e-05,usd,btc
2020-12-12 00:00:00,5.523e-05,usd,btc
2020-12-13 00:00:00,5.319e-05,usd,btc
2020-12-14 00:00:00,5.213e-05,usd,btc
2020-12-15 00:00:00,5.209e-05,usd,btc
2020-12-16 00:00:00,5.146e-05,usd,btc
2020-12-17 00:00:00,4.717e-05,usd,btc
2020-12-18 00:00:00,4.391e-05,usd,btc
2020-12-19 00:00:00,4.367e-05,usd,btc
2020-12-20 00:00:00,4.169e-05,usd,btc
2020-12-21 00:00:00,4.272e-05,usd,btc
2020-12-22 00:00:00,4.322e-05,usd,btc
2020-12-23 00:00:00,4.267e-05,usd,btc
2020-12-24 00:00:00,4.293e-05,usd,btc
2020-12-25 00:00:00,4.274e-05,usd,btc
2020-12-26 00:00:00,4.097e-05,usd,btc
2020-12-27 00:00:00,3.75e-05,usd,btc
2020-12-28 00:00:00,3.802e-05,usd,btc
2020-12-29 00:00:00,3.759e-05,usd,btc
2020-12-30 00:00:00,3.722e-05,usd,btc
2020-12-31 00:00:00,3.46e-05,usd,btc
2021-01-01 00:00:00,3.452e-05,usd,btc
2021-01-02 00:00:00,3.42e-05,usd,btc
2021-01-03 00:00:00,3.153e-05,usd,btc
2021-01-04 00:00:00,2.978e-05,usd,btc
2021-01-05 00:00:00,3.223e-05,usd,btc
2021-01-06 00:00:00,2.96e-05,usd,btc
2021-01-07 00:00:00,2.783e-05,usd,btc
2021-01-08 00:00:00,2.526e-05,usd,btc
2021-01-09 00:00:00,2.505e-05,usd,btc
2021-01-10 00:00:00,2.451e-05,usd,btc
2021-01-11 00:00:00,2.633e-05,usd,btc
2021-01-12 00:00:00,2.934e-05,usd,btc
2021-01-13 00:00:00,2.879e-05,usd,btc
2021-01-14 00:00:00,2.685e-05,usd,btc
2021-01-15 00:00:00,2.58e-05,usd,btc
2021-01-16 00:00:00,2.753e-05,usd,btc
2021-01-17 00:00:00,2.783e-05,usd,btc
2021-01-18 00:00:00,2.737e-05,usd,btc
2021-01-19 00:00:00,2.758e-05,usd,btc
2021-01-20 00:00:00,2.74e-05,usd,btc
2021-01-21 00:00:00,2.864e-05,usd,btc
2021-01-22 00:00:00,3.197e-05,usd,btc
2021-01-23 00:00:00,2.996e-05,usd,btc
2021-01-24 00:00:00,3.087e-05,usd,btc
2021-01-25 00:00:00,3.131e-05,usd,btc
2021-01-26 00:00:00,3.06e-05,usd,btc
2021-01-27 00:00:00,3.126e-05,usd,btc
2021-01-28 00:00:00,3.232e-05,usd,btc
2021-01-29 00:00:00,3.005e-05,usd,btc
2021-01-30 00:00:00,2.887e-05,usd,btc
2021-01-31 00:00:00,2.886e-05,usd,btc
2021-02-01 00:00:00,3.067e-05,usd,btc
2021-02-02 00:00:00,2.97e-05,usd,btc
2021-02-03 00:00:00,2.8e-05,usd,btc
2021-02-04 00:00:00,2.682e-05,usd,btc
2021-02-05 00:00:00,2.653e-05,usd,btc
2021-02-06 00:00:00,2.642e-05,usd,btc
2021-02-07 00:00:00,2.495e-05,usd,btc
2021-02-08 00:00:00,2.59e-05,usd,btc
2021-02-09 00:00:00,2.238e-05,usd,btc
2021-02-10 00:00:00,2.112e-05,usd,btc
2021-02-11 00:00:00,2.22e-05,usd,btc
2021-02-12 00:00:00,2.13e-05,usd,btc
2021-02-13 00:00:00,2.085e-05,usd,btc
2021-02-14 00:00:00,2.118e-05,usd,btc
2021-02-15 00:00:00,2.048e-05,usd,btc
2021-02-16 00:00:00,2.075e-05,usd,btc
2021-02-17 00:00:00,2.057e-05,usd,btc
2021-02-18 00:00:00,1.911e-05,usd,btc
2021-02-19 00:00:00,1.921e-05,usd,btc
2021-02-20 00:00:00,1.802e-05,usd,btc
2021-02-21 00:00:00,1.769e-05,usd,btc
2021-02-22 00:00:00,1.744e-05,usd,btc
2021-02-23 00:00:00,1.821e-05,usd,btc
2021-02-24 00:00:00,2.08e-05,usd,btc
2021-02-25 00:00:00,2.053e-05,usd,btc
2021-02-26 00:00:00,2.075e-05,usd,btc
2021-02-27 00:00:00,2.189e-05,usd,btc
2021-02-28 00:00:00,2.135e-05,usd,btc
2021-03-01 00:00:00,2.21e-05,usd,btc
2021-03-02 00:00:00,2.047e-05,usd,btc
2021-03-03 00:00:00,2.107e-05,usd,btc
2021-03-04 00:00:00,1.963e-05,usd,btc
2021-03-05 00:00:00,2.087e-05,usd,btc
2021-03-06 00:00:00,2.035e-05,usd,btc
2021-03-07 00:00:00,2.058e-05,usd,btc
2021-03-08 00:00:00,1.996e-05,usd,btc
2021-03-09 00:00:00,1.927e-05,usd,btc
2021-03-10 00:00:00,1.841e-05,usd,btc
2021-03-11 00:00:00,1.756e-05,usd,btc
2021-03-12 00:00:00,1.732e-05,usd,btc
2021-03-13 00:00:00,1.755e-05,usd,btc
2021-03-14 00:00:00,1.639e-05,usd,btc
2021-03-15 00:00:00,1.66e-05,usd,btc
2021-03-16 00:00:00,1.773e-05,usd,btc
2021-03-17 00:00:00,1.773e-05,usd,btc
2021-03-18 00:00:00,1.733e-05,usd,btc
2021-03-19 00:00:00,1.738e-05,usd,btc
2021-03-20 00:00:00,1.712e-05,usd,btc
2021-03-21 00:00:00,1.71e-05,usd,btc
2021-03-22 00:00:00,1.73e-05,usd,btc
2021-03-23 00:00:00,1.831e-05,usd,btc
2021-03-24 00:00:00,1.837e-05,usd,btc
2021-03-25 00:00:00,1.846e-05,usd,btc
2021-03-26 00:00:00,1.923e-05,usd,btc
2021-03-27 00:00:00,1.851e-05,usd,btc
2021-03-28 00:00:00,1.789e-05,usd,btc
2021-03-29 00:00:00,1.823e-05,usd,btc
2021-03-30 00:00:00,1.747e-05,usd,btc
2021-03-31 00:00:00,1.704e-05,usd,btc
2021-04-01 00:00:00,1.697e-05,usd,btc
2021-04-02 00:00:00,1.699e-05,usd,btc
2021-04-03 00:00:00,1.705e-05,usd,btc
2021-04-04 00:00:00,1.723e-05,usd,btc
2021-04-05 00:00:00,1.723e-05,usd,btc
2021-04-06 00:00:00,1.701e-05,usd,btc
2021-04-07 00:00:00,1.717e-05,usd,btc
2021-04-08 00:00:00,1.779e-05,usd,btc
2021-04-09 00:00:00,1.734e-05,usd,btc
2021-04-10 00:00:00,1.714e-05,usd,btc
2021-04-11 00:00:00,1.706e-05,usd,btc
2021-04-12 00:00:00,1.678e-05,usd,btc
2021-04-13 00:00:00,1.667e-05,usd,btc
2021-04-14 00:00:00,1.582e-05,usd,btc
2021-04-15 00:00:00,1.602e-05,usd,btc
2021-04-16 00:00:00,1.578e-05,usd,btc
2021-04-17 00:00:00,1.614e-05,usd,btc
2021-04-18 00:00:00,1.644e-05,usd,btc
2021-04-19 00:00:00,1.778e-05,usd,btc
2021-04-20 00:00:00,1.78e-05,usd,btc
2021-04-21 00:00:00,1.761e-05,usd,btc
2021-04-22 00:00:00,1.817e-05,usd,btc
2021-04-23 00:00:00,1.938e-05,usd,btc
2021-04-24 00:00:00,1.978e-05,usd,btc
2021-04-25 00:00:00,1.963e-05,usd,btc
2021-04-26 00:00:00,2.081e-05,usd,btc
2021-04-27 00:00:00,1.876e-05,usd,btc
2021-04-28 00:00:00,1.812e-05,usd,btc
2021-04-29 00:00:00,1.836e-05,usd,btc
2021-04-30 00:00:00,1.887e-05,usd,btc
2021-05-01 00:00:00,1.76e-05,usd,btc
2021-05-02 00:00:00,1.734e-05,usd,btc
2021-05-03 00:00:00,1.754e-05,usd,btc
2021-05-04 00:00:00,1.76e-05,usd,btc
2021-05-05 00:00:00,1.823e-05,usd,btc
2021-05-06 00:00:00,1.759e-05,usd,btc
2021-05-07 00:00:00,1.786e-05,usd,btc
2021-05-08 00:00:00,1.733e-05,usd,btc
2021-05-09 00:00:00,1.695e-05,usd,btc
2021-05-10 00:00:00,1.724e-05,usd,btc
2021-05-11 00:00:00,1.807e-05,usd,btc
2021-05-12 00:00:00,1.756e-05,usd,btc
2021-05-13 00:00:00,1.834e-05,usd,btc
2021-05-14 00:00:00,2.03e-05,usd,btc
2021-05-15 00:00:00,2.026e-05,usd,btc
2021-05-16 00:00:00,2.072e-05,usd,btc
2021-05-17 00:00:00,2.27e-05,usd,btc
2021-05-18 00:00:00,2.23e-05,usd,btc
2021-05-19 00:00:00,2.306e-05,usd,btc
2021-05-20 00:00:00,2.6e-05,usd,btc
2021-05-21 00:00:00,2.493e-05,usd,btc
2021-05-22 00:00:00,2.837e-05,usd,btc
2021-05-23 00:00:00,2.625e-05,usd,btc
2021-05-24 00:00:00,2.959e-05,usd,btc
2021-05-25 00:00:00,2.56e-05,usd,btc
2021-05-26 00:00:00,2.656e-05,usd,btc
2021-05-27 00:00:00,2.58e-05,usd,btc
2021-05-28 00:00:00,2.599e-05,usd,btc
2021-05-29 00:00:00,2.836e-05,usd,btc
2021-05-30 00:00:00,2.918e-05,usd,btc
2021-05-31 00:00:00,2.772e-05,usd,btc
2021-06-01 00:00:00,2.727e-05,usd,btc
2021-06-02 00:00:00,2.754e-05,usd,btc
2021-06-03 00:00:00,2.65e-05,usd,btc
2021-06-04 00:00:00,2.585e-05,usd,btc
2021-06-05 00:00:00,2.698e-05,usd,btc
2021-06-06 00:00:00,2.789e-05,usd,btc
2021-06-07 00:00:00,2.783e-05,usd,btc
2021-06-08 00:00:00,2.902e-05,usd,btc
2021-06-09 00:00:00,2.974e-05,usd,btc
2021-06-10 00:00:00,2.748e-05,usd,btc
2021-06-11 00:00:00,2.746e-05,usd,btc
2021-06-12 00:00:00,2.679e-05,usd,btc
2021-06-13 00:00:00,2.775e-05,usd,btc
2021-06-14 00:00:00,2.443e-05,usd,btc
2021-06-15 00:00:00,2.51e-05,usd,btc
2021-06-16 00:00:00,2.504e-05,usd,btc
2021-06-17 00:00:00,2.594e-05,usd,btc
2021-06-18 00:00:00,2.649e-05,usd,btc
2021-06-19 00:00:00,2.817e-05,usd,btc
2021-06-20 00:00:00,2.763e-05,usd,btc
2021-06-21 00:00:00,2.789e-05,usd,btc
2021-06-22 00:00:00,3.065e-05,usd,btc
2021-06-23 00:00:00,3.04e-05,usd,btc
2021-06-24 00:00:00,3.024e-05,usd,btc
2021-06-25 00:00:00,2.869e-05,usd,btc
2021-06-26 00:00:00,3.104e-05,usd,btc
2021-06-27 00:00:00,3.193e-05,usd,btc
2021-06-28 00:00:00,3.063e-05,usd,btc
2021-06-29 00:00:00,2.883e-05,usd,btc
2021-06-30 00:00:00,2.766e-05,usd,btc
2021-07-01 00:00:00,2.891e-05,usd,btc
2021-07-02 00:00:00,2.993e-05,usd,btc
2021-07-03 00:00:00,3.019e-05,usd,btc
2021-07-04 00:00:00,2.881e-05,usd,btc
2021-07-05 00:00:00,2.814e-05,usd,btc
2021-07-06 00:00:00,2.954e-05,usd,btc
2021-07-07 00:00:00,2.946e-05,usd,btc
2021-07-08 00:00:00,2.894e-05,usd,btc
2021-07-09 00:00:00,3.05e-05,usd,btc
2021-07-10 00:00:00,2.984e-05,usd,btc
2021-07-11 00:00:00,3e-05,usd,btc
2021-07-12 00:00:00,2.953e-05,usd,btc
2021-07-13 00:00:00,3.046e-05,usd,btc
2021-07-14 00:00:00,3.075e-05,usd,btc
2021-07-15 00:00:00,3.048e-05,usd,btc
2021-07-16 00:00:00,3.15e-05,usd,btc
2021-07-17 00:00:00,3.14e-05,usd,btc
2021-07-18 00:00:00,3.149e-05,usd,btc
2021-07-19 00:00:00,3.158e-05,usd,btc
2021-07-20 00:00:00,3.247e-05,usd,btc
2021-07-21 00:00:00,3.349e-05,usd,btc
2021-07-22 00:00:00,3.138e-05,usd,btc
2021-07-23 00:00:00,3.1e-05,usd,btc
2021-07-24 00:00:00,3.079e-05,usd,btc
2021-07-25 00:00:00,2.948e-05,usd,btc
2021-07-26 00:00:00,2.9e-05,usd,btc
2021-07-27 00:00:00,2.66e-05,usd,btc
2021-07-28 00:00:00,2.632e-05,usd,btc
2021-07-29 00:00:00,2.496e-05,usd,btc
2021-07-30 00:00:00,2.517e-05,usd,btc
2021-07-31 00:00:00,2.447e-05,usd,btc
2021-08-01 00:00:00,2.409e-05,usd,btc
2021-08-02 00:00:00,2.421e-05,usd,btc
2021-08-03 00:00:00,2.573e-05,usd,btc
2021-08-04 00:00:00,2.624e-05,usd,btc
2021-08-05 00:00:00,2.516e-05,usd,btc
2021-08-06 00:00:00,2.445e-05,usd,btc
2021-08-07 00:00:00,2.342e-05,usd,btc
2021-08-08 00:00:00,2.276e-05,usd,btc
2021-08-09 00:00:00,2.28e-05,usd,btc
2021-08-10 00:00:00,2.199e-05,usd,btc
2021-08-11 00:00:00,2.192e-05,usd,btc
2021-08-12 00:00:00,2.158e-05,usd,btc
2021-08-13 00:00:00,2.25e-05,usd,btc
2021-08-14 00:00:00,2.103e-05,usd,btc
2021-08-15 00:00:00,2.143e-05,usd,btc
2021-08-16 00:00:00,2.139e-05,usd,btc
2021-08-17 00:00:00,2.171e-05,usd,btc
2021-08-18 00:00:00,2.221e-05,usd,btc
2021-08-19 00:00:00,2.243e-05,usd,btc
2021-08-20 00:00:00,2.147e-05,usd,btc
2021-08-21 00:00:00,2.055e-05,usd,btc
2021-08-22 00:00:00,2.038e-05,usd,btc
2021-08-23 00:00:00,2.065e-05,usd,btc
2021-08-24 00:00:00,2.019e-05,usd,btc
2021-08-25 00:00:00,2.068e-05,usd,btc
2021-08-26 00:00:00,2.053e-05,usd,btc
2021-08-27 00:00:00,2.125e-05,usd,btc
2021-08-28 00:00:00,2.044e-05,usd,btc
2021-08-29 00:00:00,2.051e-05,usd,btc
2021-08-30 00:00:00,2.044e-05,usd,btc
2021-08-31 00:00:00,2.055e-05,usd,btc
2021-09-01 00:00:00,2.127e-05,usd,btc
2021-09-02 00:00:00,2.072e-05,usd,btc
2021-09-03 00:00:00,2.018e-05,usd,btc
2021-09-04 00:00:00,1.994e-05,usd,btc
2021-09-05 00:00:00,1.992e-05,usd,btc
2021-09-06 00:00:00,1.932e-05,usd,btc
2021-09-07 00:00:00,1.926e-05,usd,btc
2021-09-08 00:00:00,2.136e-05,usd,btc
2021-09-09 00:00:00,2.167e-05,usd,btc
2021-09-10 00:00:00,2.161e-05,usd,btc
2021-09-11 00:00:00,2.218e-05,usd,btc
2021-09-12 00:00:00,2.207e-05,usd,btc
2021-09-13 00:00:00,2.221e-05,usd,btc
2021-09-14 00:00:00,2.213e-05,usd,btc
2021-09-15 00:00:00,2.135e-05,usd,btc
2021-09-16 00:00:00,2.086e-05,usd,btc
2021-09-17 00:00:00,2.123e-05,usd,btc
2021-09-18 00:00:00,2.126e-05,usd,btc
2021-09-19 00:00:00,2.083e-05,usd,btc
2021-09-20 00:00:00,2.101e-05,usd,btc
2021-09-21 00:00:00,2.299e-05,usd,btc
2021-09-22 00:00:00,2.441e-05,usd,btc
2021-09-23 00:00:00,2.302e-05,usd,btc
2021-09-24 00:00:00,2.238e-05,usd,btc
2021-09-25 00:00:00,2.326e-05,usd,btc
2021-09-26 00:00:00,2.341e-05,usd,btc
2021-09-27 00:00:00,2.293e-05,usd,btc
2021-09-28 00:00:00,2.341e-05,usd,btc
2021-09-29 00:00:00,2.393e-05,usd,btc
2021-09-30 00:00:00,2.431e-05,usd,btc
2021-10-01 00:00:00,2.302e-05,usd,btc
2021-10-02 00:00:00,2.077e-05,usd,btc
2021-10-03 00:00:00,2.081e-05,usd,btc
2021-10-04 00:00:00,2.063e-05,usd,btc
2021-10-05 00:00:00,2.04e-05,usd,btc
2021-10-06 00:00:00,1.946e-05,usd,btc
2021-10-07 00:00:00,1.821e-05,usd,btc
2021-10-08 00:00:00,1.845e-05,usd,btc
2021-10-09 00:00:00,1.854e-05,usd,btc
2021-10-10 00:00:00,1.83e-05,usd,btc
2021-10-11 00:00:00,1.804e-05,usd,btc
2021-10-12 00:00:00,1.742e-05,usd,btc
2021-10-13 00:00:00,1.806e-05,usd,btc
2021-10-14 00:00:00,1.755e-05,usd,btc
2021-10-15 00:00:00,1.741e-05,usd,btc
2021-10-16 00:00:00,1.6e-05,usd,btc
2021-10-17 00:00:00,1.639e-05,usd,btc
2021-10-18 00:00:00,1.681e-05,usd,btc
2021-10-19 00:00:00,1.629e-05,usd,btc
2021-10-20 00:00:00,1.56e-05,usd,btc
2021-10-21 00:00:00,1.516e-05,usd,btc
2021-10-22 00:00:00,1.595e-05,usd,btc
2021-10-23 00:00:00,1.647e-05,usd,btc
2021-10-24 00:00:00,1.637e-05,usd,btc
2021-10-25 00:00:00,1.635e-05,usd,btc
2021-10-26 00:00:00,1.599e-05,usd,btc
2021-10-27 00:00:00,1.61e-05,usd,btc
2021-10-28 00:00:00,1.696e-05,usd,btc
2021-10-29 00:00:00,1.629e-05,usd,btc
2021-10-30 00:00:00,1.602e-05,usd,btc
2021-10-31 00:00:00,1.621e-05,usd,btc
2021-11-01 00:00:00,1.64e-05,usd,btc
2021-11-02 00:00:00,1.649e-05,usd,btc
2021-11-03 00:00:00,1.584e-05,usd,btc
2021-11-04 00:00:00,1.593e-05,usd,btc
2021-11-05 00:00:00,1.63e-05,usd,btc
2021-11-06 00:00:00,1.64e-05,usd,btc
2021-11-07 00:00:00,1.633e-05,usd,btc
2021-11-08 00:00:00,1.591e-05,usd,btc
2021-11-09 00:00:00,1.512e-05,usd,btc
2021-11-10 00:00:00,1.475e-05,usd,btc
2021-11-11 00:00:00,1.558e-05,usd,btc
2021-11-12 00:00:00,1.538e-05,usd,btc
2021-11-13 00:00:00,1.559e-05,usd,btc
2021-11-14 00:00:00,1.555e-05,usd,btc
2021-11-15 00:00:00,1.554e-05,usd,btc
2021-11-16 00:00:00,1.566e-05,usd,btc
2021-11-17 00:00:00,1.653e-05,usd,btc
2021-11-18 00:00:00,1.664e-05,usd,btc
2021-11-19 00:00:00,1.736e-05,usd,btc
2021-11-20 00:00:00,1.726e-05,usd,btc
2021-11-21 00:00:00,1.676e-05,usd,btc
2021-11-22 00:00:00,1.679e-05,usd,btc
2021-11-23 00:00:00,1.777e-05,usd,btc
2021-11-24 00:00:00,1.733e-05,usd,btc
2021-11-25 00:00:00,1.744e-05,usd,btc
2021-11-26 00:00:00,1.7e-05,usd,btc
2021-11-27 00:00:00,1.848e-05,usd,btc
2021-11-28 00:00:00,1.831e-05,usd,btc
2021-11-29 00:00:00,1.777e-05,usd,btc
2021-11-30 00:00:00,1.716e-05,usd,btc
2021-12-01 00:00:00,1.75e-05,usd,btc
2021-12-02 00:00:00,1.754e-05,usd,btc
2021-12-03 00:00:00,1.757e-05,usd,btc
2021-12-04 00:00:00,1.864e-05,usd,btc
2021-12-05 00:00:00,2.05e-05,usd,btc
2021-12-06 00:00:00,2.029e-05,usd,btc
2021-12-07 00:00:00,1.995e-05,usd,btc
2021-12-08 00:00:00,1.98e-05,usd,btc
2021-12-09 00:00:00,1.975e-05,usd,btc
2021-12-10 00:00:00,2.084e-05,usd,btc
2021-12-11 00:00:00,2.084e-05,usd,btc
2021-12-12 00:00:00,2.047e-05,usd,btc
2021-12-13 00:00:00,2.001e-05,usd,btc
2021-12-14 00:00:00,2.133e-05,usd,btc
2021-12-15 00:00:00,2.071e-05,usd,btc
2021-12-16 00:00:00,2.032e-05,usd,btc
2021-12-17 00:00:00,2.077e-05,usd,btc
2021-12-18 00:00:00,2.13e-05,usd,btc
2021-12-19 00:00:00,2.13e-05,usd,btc
2021-12-20 00:00:00,2.139e-05,usd,btc
2021-12-21 00:00:00,2.127e-05,usd,btc
2021-12-22 00:00:00,2.037e-05,usd,btc
2021-12-23 00:00:00,2.037e-05,usd,btc
2021-12-24 00:00:00,1.967e-05,usd,btc
2021-12-25 00:00:00,1.965e-05,usd,btc
2021-12-26 00:00:00,1.961e-05,usd,btc
2021-12-27 00:00:00,1.968e-05,usd,btc
2021-12-28 00:00:00,1.961e-05,usd,btc
2021-12-29 00:00:00,2.101e-05,usd,btc
2021-12-30 00:00:00,2.117e-05,usd,btc
2021-12-31 00:00:00,2.117e-05,usd,btc
2022-01-01 00:00:00,2.158e-05,usd,btc
2022-01-02 00:00:00,2.114e-05,usd,btc
2022-01-03 00:00:00,2.126e-05,usd,btc
2022-01-04 00:00:00,2.171e-05,usd,btc
2022-01-05 00:00:00,2.16e-05,usd,btc
2022-01-06 00:00:00,2.291e-05,usd,btc
2022-01-07 00:00:00,2.319e-05,usd,btc
2022-01-08 00:00:00,2.388e-05,usd,btc
2022-01-09 00:00:00,2.393e-05,usd,btc
2022-01-10 00:00:00,2.363e-05,usd,btc
2022-01-11 00:00:00,2.398e-05,usd,btc
2022-01-12 00:00:00,2.343e-05,usd,btc
2022-01-13 00:00:00,2.282e-05,usd,btc
2022-01-14 00:00:00,2.335e-05,usd,btc
2022-01-15 00:00:00,2.308e-05,usd,btc
2022-01-16 00:00:00,2.308e-05,usd,btc
2022-01-17 00:00:00,2.325e-05,usd,btc
2022-01-18 00:00:00,2.396e-05,usd,btc
2022-01-19 00:00:00,2.358e-05,usd,btc
2022-01-20 00:00:00,2.396e-05,usd,btc
2022-01-21 00:00:00,2.416e-05,usd,btc
2022-01-22 00:00:00,2.725e-05,usd,btc
2022-01-23 00:00:00,2.82e-05,usd,btc
2022-01-24 00:00:00,2.827e-05,usd,btc
2022-01-25 00:00:00,2.714e-05,usd,btc
2022-01-26 00:00:00,2.73e-05,usd,btc
2022-01-27 00:00:00,2.749e-05,usd,btc
2022-01-28 00:00:00,2.761e-05,usd,btc
2022-01-29 00:00:00,2.644e-05,usd,btc
2022-01-30 00:00:00,2.602e-05,usd,btc
2022-01-31 00:00:00,2.649e-05,usd,btc
2022-02-01 00:00:00,2.601e-05,usd,btc
2022-02-02 00:00:00,2.581e-05,usd,btc
2022-02-03 00:00:00,2.712e-05,usd,btc
2022-02-04 00:00:00,2.705e-05,usd,btc
2022-02-05 00:00:00,2.46e-05,usd,btc
2022-02-06 00:00:00,2.4e-05,usd,btc
2022-02-07 00:00:00,2.398e-05,usd,btc
2022-02-08 00:00:00,2.27e-05,usd,btc
2022-02-09 00:00:00,2.259e-05,usd,btc
2022-02-10 00:00:00,2.247e-05,usd,btc
2022-02-11 00:00:00,2.286e-05,usd,btc
2022-02-12 00:00:00,2.35e-05,usd,btc
2022-02-13 00:00:00,2.386e-05,usd,btc
2022-02-14 00:00:00,2.366e-05,usd,btc
2022-02-15 00:00:00,2.366e-05,usd,btc
2022-02-16 00:00:00,2.272e-05,usd,btc
2022-02-17 00:00:00,2.268e-05,usd,btc
2022-02-18 00:00:00,2.457e-05,usd,btc
2022-02-19 00:00:00,2.5e-05,usd,btc
2022-02-20 00:00:00,2.504e-05,usd,btc
2022-02-21 00:00:00,2.614e-05,usd,btc
2022-02-22 00:00:00,2.701e-05,usd,btc
2022-02-23 00:00:00,2.638e-05,usd,btc
2022-02-24 00:00:00,2.665e-05,usd,btc
2022-02-25 00:00:00,2.604e-05,usd,btc
2022-02-26 00:00:00,2.565e-05,usd,btc
2022-02-27 00:00:00,2.533e-05,usd,btc
2022-02-28 00:00:00,2.671e-05,usd,btc
2022-03-01 00:00:00,2.401e-05,usd,btc
2022-03-02 00:00:00,2.278e-05,usd,btc
2022-03-03 00:00:00,2.275e-05,usd,btc
2022-03-04 00:00:00,2.374e-05,usd,btc
2022-03-05 00:00:00,2.537e-05,usd,btc
2022-03-06 00:00:00,2.539e-05,usd,btc
2022-03-07 00:00:00,2.564e-05,usd,btc
2022-03-08 00:00:00,2.64e-05,usd,btc
2022-03-09 00:00:00,2.594e-05,usd,btc
2022-03-10 00:00:00,2.386e-05,usd,btc
2022-03-11 00:00:00,2.543e-05,usd,btc
2022-03-12 00:00:00,2.573e-05,usd,btc
2022-03-13 00:00:00,2.557e-05,usd,btc
2022-03-14 00:00:00,2.585e-05,usd,btc
2022-03-15 00:00:00,2.582e-05,usd,btc
2022-03-16 00:00:00,2.535e-05,usd,btc
2022-03-17 00:00:00,2.424e-05,usd,btc
2022-03-18 00:00:00,2.456e-05,usd,btc
2022-03-19 00:00:00,2.39e-05,usd,btc
2022-03-20 00:00:00,2.367e-05,usd,btc
2022-03-21 00:00:00,2.421e-05,usd,btc
2022-03-22 00:00:00,2.428e-05,usd,btc
2022-03-23 00:00:00,2.347e-05,usd,btc
2022-03-24 00:00:00,2.361e-05,usd,btc
2022-03-25 00:00:00,2.277e-05,usd,btc
2022-03-26 00:00:00,2.242e-05,usd,btc
2022-03-27 00:00:00,2.242e-05,usd,btc
2022-03-28 00:00:00,2.169e-05,usd,btc
2022-03-29 00:00:00,2.086e-05,usd,btc
2022-03-30 00:00:00,2.107e-05,usd,btc
2022-03-31 00:00:00,2.117e-05,usd,btc
2022-04-01 00:00:00,2.185e-05,usd,btc
2022-04-02 00:00:00,2.166e-05,usd,btc
2022-04-03 00:00:00,2.164e-05,usd,btc
2022-04-04 00:00:00,2.156e-05,usd,btc
2022-04-05 00:00:00,2.16e-05,usd,btc
2022-04-06 00:00:00,2.188e-05,usd,btc
2022-04-07 00:00:00,2.278e-05,usd,btc
2022-04-08 00:00:00,2.295e-05,usd,btc
2022-04-09 00:00:00,2.336e-05,usd,btc
2022-04-10 00:00:00,2.355e-05,usd,btc
2022-04-11 00:00:00,2.318e-05,usd,btc
2022-04-12 00:00:00,2.509e-05,usd,btc
2022-04-13 00:00:00,2.529e-05,usd,btc
2022-04-14 00:00:00,2.425e-05,usd,btc
2022-04-15 00:00:00,2.507e-05,usd,btc
2022-04-16 00:00:00,2.475e-05,usd,btc
2022-04-17 00:00:00,2.478e-05,usd,btc
2022-04-18 00:00:00,2.482e-05,usd,btc
2022-04-19 00:00:00,2.459e-05,usd,btc
2022-04-20 00:00:00,2.421e-05,usd,btc
2022-04-21 00:00:00,2.413e-05,usd,btc
2022-04-22 00:00:00,2.46e-05,usd,btc
2022-04-23 00:00:00,2.525e-05,usd,btc
2022-04-24 00:00:00,2.513e-05,usd,btc
2022-04-25 00:00:00,2.529e-05,usd,btc
2022-04-26 00:00:00,2.491e-05,usd,btc
2022-04-27 00:00:00,2.623e-05,usd,btc
2022-04-28 00:00:00,2.558e-05,usd,btc
2022-04-29 00:00:00,2.505e-05,usd,btc
2022-04-30 00:00:00,2.593e-05,usd,btc
2022-05-01 00:00:00,2.609e-05,usd,btc
2022-05-02 00:00:00,2.618e-05,usd,btc
2022-05-03 00:00:00,2.61e-05,usd,btc
2022-05-04 00:00:00,2.657e-05,usd,btc
2022-05-05 00:00:00,2.514e-05,usd,btc
2022-05-06 00:00:00,2.745e-05,usd,btc
2022-05-07 00:00:00,2.772e-05,usd,btc
2022-05-08 00:00:00,2.795e-05,usd,btc
2022-05-09 00:00:00,2.89e-05,usd,btc
2022-05-10 00:00:00,3.218e-05,usd,btc
2022-05-11 00:00:00,3.23e-05,usd,btc
2022-05-12 00:00:00,3.532e-05,usd,btc
2022-05-13 00:00:00,3.5e-05,usd,btc
2022-05-14 00:00:00,3.356e-05,usd,btc
2022-05-15 00:00:00,3.405e-05,usd,btc
2022-05-16 00:00:00,3.227e-05,usd,btc
2022-05-17 00:00:00,3.347e-05,usd,btc
2022-05-18 00:00:00,3.324e-05,usd,btc
2022-05-19 00:00:00,3.424e-05,usd,btc
2022-05-20 00:00:00,3.31e-05,usd,btc
2022-05-21 00:00:00,3.434e-05,usd,btc
2022-05-22 00:00:00,3.404e-05,usd,btc
2022-05-23 00:00:00,3.343e-05,usd,btc
2022-05-24 00:00:00,3.414e-05,usd,btc
2022-05-25 00:00:00,3.398e-05,usd,btc
2022-05-26 00:00:00,3.36e-05,usd,btc
2022-05-27 00:00:00,3.396e-05,usd,btc
2022-05-28 00:00:00,3.48e-05,usd,btc
2022-05-29 00:00:00,3.449e-05,usd,btc
2022-05-30 00:00:00,3.429e-05,usd,btc
2022-05-31 00:00:00,3.198e-05,usd,btc
2022-06-01 00:00:00,3.149e-05,usd,btc
2022-06-02 00:00:00,3.373e-05,usd,btc
2022-06-03 00:00:00,3.307e-05,usd,btc
2022-06-04 00:00:00,3.373e-05,usd,btc
2022-06-05 00:00:00,3.364e-05,usd,btc
2022-06-06 00:00:00,3.34e-05,usd,btc
2022-06-07 00:00:00,3.181e-05,usd,btc
2022-06-08 00:00:00,3.191e-05,usd,btc
2022-06-09 00:00:00,3.311e-05,usd,btc
2022-06-10 00:00:00,3.317e-05,usd,btc
2022-06-11 00:00:00,3.425e-05,usd,btc
2022-06-12 00:00:00,3.521e-05,usd,btc
2022-06-13 00:00:00,3.652e-05,usd,btc
2022-06-14 00:00:00,4.303e-05,usd,btc
2022-06-15 00:00:00,4.547e-05,usd,btc
2022-06-16 00:00:00,4.61e-05,usd,btc
2022-06-17 00:00:00,4.835e-05,usd,btc
2022-06-18 00:00:00,4.85e-05,usd,btc
2022-06-19 00:00:00,5.641e-05,usd,btc
2022-06-20 00:00:00,4.878e-05,usd,btc
2022-06-21 00:00:00,4.891e-05,usd,btc
2022-06-22 00:00:00,4.799e-05,usd,btc
2022-06-23 00:00:00,5.026e-05,usd,btc
2022-06-24 00:00:00,4.808e-05,usd,btc
2022-06-25 00:00:00,4.718e-05,usd,btc
2022-06-26 00:00:00,4.712e-05,usd,btc
2022-06-27 00:00:00,4.675e-05,usd,btc
2022-06-28 00:00:00,4.785e-05,usd,btc
2022-06-29 00:00:00,4.938e-05,usd,btc
2022-06-30 00:00:00,4.953e-05,usd,btc
2022-07-01 00:00:00,5.339e-05,usd,btc
2022-07-02 00:00:00,5.149e-05,usd,btc
2022-07-03 00:00:00,5.183e-05,usd,btc
2022-07-04 00:00:00,5.234e-05,usd,btc
2022-07-05 00:00:00,5.12e-05,usd,btc
2022-07-06 00:00:00,4.893e-05,usd,btc
2022-07-07 00:00:00,4.903e-05,usd,btc
2022-07-08 00:00:00,4.628e-05,usd,btc
2022-07-09 00:00:00,4.58e-05,usd,btc
2022-07-10 00:00:00,4.611e-05,usd,btc
2022-07-11 00:00:00,4.771e-05,usd,btc
2022-07-12 00:00:00,4.901e-05,usd,btc
2022-07-13 00:00:00,5.146e-05,usd,btc
2022-07-14 00:00:00,5.086e-05,usd,btc
2022-07-15 00:00:00,4.84e-05,usd,btc
2022-07-16 00:00:00,4.779e-05,usd,btc
2022-07-17 00:00:00,4.725e-05,usd,btc
2022-07-18 00:00:00,4.776e-05,usd,btc
2022-07-19 00:00:00,4.648e-05,usd,btc
2022-07-20 00:00:00,4.29e-05,usd,btc
2022-07-21 00:00:00,4.291e-05,usd,btc
2022-07-22 00:00:00,4.323e-05,usd,btc
2022-07-23 00:00:00,4.424e-05,usd,btc
2022-07-24 00:00:00,4.48e-05,usd,btc
2022-07-25 00:00:00,4.396e-05,usd,btc
2022-07-26 00:00:00,4.511e-05,usd,btc
2022-07-27 00:00:00,4.77e-05,usd,btc
2022-07-28 00:00:00,4.387e-05,usd,btc
2022-07-29 00:00:00,4.165e-05,usd,btc
2022-07-30 00:00:00,4.175e-05,usd,btc
2022-07-31 00:00:00,4.17e-05,usd,btc
2022-08-01 00:00:00,4.201e-05,usd,btc
2022-08-02 00:00:00,4.343e-05,usd,btc
2022-08-03 00:00:00,4.345e-05,usd,btc
2022-08-04 00:00:00,4.287e-05,usd,btc
2022-08-05 00:00:00,4.444e-05,usd,btc
2022-08-06 00:00:00,4.354e-05,usd,btc
2022-08-07 00:00:00,4.316e-05,usd,btc
2022-08-08 00:00:00,4.297e-05,usd,btc
2022-08-09 00:00:00,4.154e-05,usd,btc
2022-08-10 00:00:00,4.32e-05,usd,btc
2022-08-11 00:00:00,4.183e-05,usd,btc
2022-08-12 00:00:00,4.13e-05,usd,btc
2022-08-13 00:00:00,4.126e-05,usd,btc
2022-08-14 00:00:00,4.081e-05,usd,btc
2022-08-15 00:00:00,4.112e-05,usd,btc
2022-08-16 00:00:00,4.155e-05,usd,btc
2022-08-17 00:00:00,4.171e-05,usd,btc
2022-08-18 00:00:00,4.272e-05,usd,btc
2022-08-19 00:00:00,4.271e-05,usd,btc
2022-08-20 00:00:00,4.7e-05,usd,btc
2022-08-21 00:00:00,4.795e-05,usd,btc
2022-08-22 00:00:00,4.647e-05,usd,btc
2022-08-23 00:00:00,4.734e-05,usd,btc
2022-08-24 00:00:00,4.654e-05,usd,btc
2022-08-25 00:00:00,4.61e-05,usd,btc
2022-08-26 00:00:00,4.62e-05,usd,btc
2022-08-27 00:00:00,4.841e-05,usd,btc
2022-08-28 00:00:00,5e-05,usd,btc
2022-08-29 00:00:00,5e-05,usd,btc
2022-08-30 00:00:00,4.953e-05,usd,btc
2022-08-31 00:00:00,5.006e-05,usd,btc
2022-09-01 00:00:00,4.949e-05,usd,btc
2022-09-02 00:00:00,4.981e-05,usd,btc
2022-09-03 00:00:00,5.009e-05,usd,btc
2022-09-04 00:00:00,5.066e-05,usd,btc
2022-09-05 00:00:00,5.026e-05,usd,btc
2022-09-06 00:00:00,5.065e-05,usd,btc
2022-09-07 00:00:00,5.274e-05,usd,btc
2022-09-08 00:00:00,5.156e-05,usd,btc
2022-09-09 00:00:00,5.162e-05,usd,btc
2022-09-10 00:00:00,4.698e-05,usd,btc
2022-09-11 00:00:00,4.654e-05,usd,btc
2022-09-12 00:00:00,4.62e-05,usd,btc
2022-09-13 00:00:00,4.465e-05,usd,btc
2022-09-14 00:00:00,4.937e-05,usd,btc
2022-09-15 00:00:00,5.013e-05,usd,btc
2022-09-16 00:00:00,5.041e-05,usd,btc
2022-09-17 00:00:00,5.065e-05,usd,btc
2022-09-18 00:00:00,4.98e-05,usd,btc
2022-09-19 00:00:00,5.071e-05,usd,btc
2022-09-20 00:00:00,5.123e-05,usd,btc
2022-09-21 00:00:00,5.27e-05,usd,btc
2022-09-22 00:00:00,5.286e-05,usd,btc
2022-09-23 00:00:00,5.196e-05,usd,btc
2022-09-24 00:00:00,5.304e-05,usd,btc
2022-09-25 00:00:00,5.225e-05,usd,btc
2022-09-26 00:00:00,5.294e-05,usd,btc
2022-09-27 00:00:00,5.23e-05,usd,btc
2022-09-28 00:00:00,5.248e-05,usd,btc
2022-09-29 00:00:00,5.109e-05,usd,btc
2022-09-30 00:00:00,5.133e-05,usd,btc
2022-10-01 00:00:00,5.148e-05,usd,btc
2022-10-02 00:00:00,5.195e-05,usd,btc
2022-10-03 00:00:00,5.201e-05,usd,btc
2022-10-04 00:00:00,5.105e-05,usd,btc
2022-10-05 00:00:00,4.914e-05,usd,btc
2022-10-06 00:00:00,4.995e-05,usd,btc
2022-10-07 00:00:00,4.986e-05,usd,btc
2022-10-08 00:00:00,5.115e-05,usd,btc
2022-10-09 00:00:00,5.138e-05,usd,btc
2022-10-10 00:00:00,5.134e-05,usd,btc
2022-10-11 00:00:00,5.197e-05,usd,btc
2022-10-12 00:00:00,5.256e-05,usd,btc
2022-10-13 00:00:00,5.218e-05,usd,btc
2022-10-14 00:00:00,5.159e-05,usd,btc
2022-10-15 00:00:00,5.212e-05,usd,btc
2022-10-16 00:00:00,5.235e-05,usd,btc
2022-10-17 00:00:00,5.168e-05,usd,btc
2022-10-18 00:00:00,5.121e-05,usd,btc
2022-10-19 00:00:00,5.164e-05,usd,btc
2022-10-20 00:00:00,5.209e-05,usd,btc
2022-10-21 00:00:00,5.256e-05,usd,btc
2022-10-22 00:00:00,5.214e-05,usd,btc
2022-10-23 00:00:00,5.203e-05,usd,btc
2022-10-24 00:00:00,5.129e-05,usd,btc
2022-10-25 00:00:00,5.162e-05,usd,btc
2022-10-26 00:00:00,4.957e-05,usd,btc
2022-10-27 00:00:00,4.818e-05,usd,btc
2022-10-28 00:00:00,4.898e-05,usd,btc
2022-10-29 00:00:00,4.846e-05,usd,btc
2022-10-30 00:00:00,4.793e-05,usd,btc
2022-10-31 00:00:00,4.835e-05,usd,btc
2022-11-01 00:00:00,4.9e-05,usd,btc
2022-11-02 00:00:00,4.883e-05,usd,btc
2022-11-03 00:00:00,4.952e-05,usd,btc
2022-11-04 00:00:00,4.941e-05,usd,btc
2022-11-05 00:00:00,4.729e-05,usd,btc
2022-11-06 00:00:00,4.68e-05,usd,btc
2022-11-07 00:00:00,4.732e-05,usd,btc
2022-11-08 00:00:00,4.839e-05,usd,btc
2022-11-09 00:00:00,5.344e-05,usd,btc
2022-11-10 00:00:00,6.334e-05,usd,btc
2022-11-11 00:00:00,5.616e-05,usd,btc
2022-11-12 00:00:00,5.962e-05,usd,btc
2022-11-13 00:00:00,5.955e-05,usd,btc
2022-11-14 00:00:00,6.105e-05,usd,btc
2022-11-15 00:00:00,6.1e-05,usd,btc
2022-11-16 00:00:00,5.924e-05,usd,btc
2022-11-17 00:00:00,6.047e-05,usd,btc
2022-11-18 00:00:00,5.995e-05,usd,btc
2022-11-19 00:00:00,6.01e-05,usd,btc
2022-11-20 00:00:00,6.001e-05,usd,btc
2022-11-21 00:00:00,6.153e-05,usd,btc
2022-11-22 00:00:00,6.409e-05,usd,btc
2022-11-23 00:00:00,6.197e-05,usd,btc
2022-11-24 00:00:00,6.067e-05,usd,btc
2022-11-25 00:00:00,6.047e-05,usd,btc
2022-11-26 00:00:00,6.06e-05,usd,btc
2022-11-27 00:00:00,6.058e-05,usd,btc
2022-11-28 00:00:00,6.035e-05,usd,btc
2022-11-29 00:00:00,6.176e-05,usd,btc
2022-11-30 00:00:00,6.078e-05,usd,btc
2022-12-01 00:00:00,5.847e-05,usd,btc
2022-12-02 00:00:00,5.906e-05,usd,btc
2022-12-03 00:00:00,5.877e-05,usd,btc
2022-12-04 00:00:00,5.897e-05,usd,btc
2022-12-05 00:00:00,5.844e-05,usd,btc
2022-12-06 00:00:00,5.893e-05,usd,btc
2022-12-07 00:00:00,5.884e-05,usd,btc
2022-12-08 00:00:00,5.941e-05,usd,btc
2022-12-09 00:00:00,5.821e-05,usd,btc
2022-12-10 00:00:00,5.845e-05,usd,btc
2022-12-11 00:00:00,5.838e-05,usd,btc
2022-12-12 00:00:00,5.845e-05,usd,btc
2022-12-13 00:00:00,5.83e-05,usd,btc
2022-12-14 00:00:00,5.629e-05,usd,btc
2022-12-15 00:00:00,5.612e-05,usd,btc
2022-12-16 00:00:00,5.752e-05,usd,btc
2022-12-17 00:00:00,5.94e-05,usd,btc
2022-12-18 00:00:00,5.985e-05,usd,btc
2022-12-19 00:00:00,5.97e-05,usd,btc
2022-12-20 00:00:00,6.03e-05,usd,btc
2022-12-21 00:00:00,5.923e-05,usd,btc
2022-12-22 00:00:00,5.956e-05,usd,btc
2022-12-23 00:00:00,5.956e-05,usd,btc
2022-12-24 00:00:00,5.947e-05,usd,btc
2022-12-25 00:00:00,5.94e-05,usd,btc
2022-12-26 00:00:00,5.944e-05,usd,btc
2022-12-27 00:00:00,5.945e-05,usd,btc
2022-12-28 00:00:00,5.989e-05,usd,btc
2022-12-29 00:00:00,6.054e-05,usd,btc
2022-12-30 00:00:00,6.024e-05,usd,btc
2022-12-31 00:00:00,6.033e-05,usd,btc
2023-01-01 00:00:00,6.043e-05,usd,btc
2023-01-02 00:00:00,6.027e-05,usd,btc
2023-01-03 00:00:00,5.979e-05,usd,btc
2023-01-04 00:00:00,6e-05,usd,btc
2023-01-05 00:00:00,5.945e-05,usd,btc
2023-01-06 00:00:00,5.936e-05,usd,btc
2023-01-07 00:00:00,5.907e-05,usd,btc
2023-01-08 00:00:00,5.902e-05,usd,btc
2023-01-09 00:00:00,5.898e-05,usd,btc
2023-01-10 00:00:00,5.817e-05,usd,btc
2023-01-11 00:00:00,5.722e-05,usd,btc
2023-01-12 00:00:00,5.696e-05,usd,btc
2023-01-13 00:00:00,5.309e-05,usd,btc
2023-01-14 00:00:00,5.046e-05,usd,btc
2023-01-15 00:00:00,4.785e-05,usd,btc
2023-01-16 00:00:00,4.785e-05,usd,btc
2023-01-17 00:00:00,4.733e-05,usd,btc
2023-01-18 00:00:00,4.688e-05,usd,btc
2023-01-19 00:00:00,4.814e-05,usd,btc
2023-01-20 00:00:00,4.775e-05,usd,btc
2023-01-21 00:00:00,4.477e-05,usd,btc
2023-01-22 00:00:00,4.311e-05,usd,btc
2023-01-23 00:00:00,4.425e-05,usd,btc
2023-01-24 00:00:00,4.35e-05,usd,btc
2023-01-25 00:00:00,4.366e-05,usd,btc
2023-01-26 00:00:00,4.242e-05,usd,btc
2023-01-27 00:00:00,4.334e-05,usd,btc
2023-01-28 00:00:00,4.33e-05,usd,btc
2023-01-29 00:00:00,4.347e-05,usd,btc
2023-01-30 00:00:00,4.203e-05,usd,btc
2023-01-31 00:00:00,4.397e-05,usd,btc
2023-02-01 00:00:00,4.357e-05,usd,btc
2023-02-02 00:00:00,4.223e-05,usd,btc
2023-02-03 00:00:00,4.238e-05,usd,btc
2023-02-04 00:00:00,4.277e-05,usd,btc
2023-02-05 00:00:00,4.27e-05,usd,btc
2023-02-06 00:00:00,4.368e-05,usd,btc
2023-02-07 00:00:00,4.363e-05,usd,btc
2023-02-08 00:00:00,4.312e-05,usd,btc
2023-02-09 00:00:00,4.355e-05,usd,btc
2023-02-10 00:00:00,4.579e-05,usd,btc
2023-02-11 00:00:00,4.642e-05,usd,btc
2023-02-12 00:00:00,4.581e-05,usd,btc
2023-02-13 00:00:00,4.6e-05,usd,btc
2023-02-14 00:00:00,4.624e-05,usd,btc
2023-02-15 00:00:00,4.494e-05,usd,btc
